customer_sk,customer_id,customer_name,customer_segment,marital_status,gender,dob,start_day,end_day,is_current
925,3,Mister. Bonnie Potter,Corporate,Single,Male,1992-02-06,0,,True
996,5,Miss. Ronnie Proctor,Home Office,Single,Female,1989-12-07,0,,True
78,11,Miss. Marcus Dunlap,Home Office,Single,Female,1988-12-07,0,,True
181,14,Mr. Gwendolyn F Tyson,Small Business,Single,Male,1992-02-05,0,,True
208,15,Miss. Timothy Reese,Small Business,Single,Female,1992-02-05,0,,True
253,16,Miss. Sarah Ramsey,Small Business,Single,Female,1997-02-05,0,,True
325,18,Mrs. Laurie Hanna,Small Business,Single,Female,1994-12-07,0,,True
367,19,Mrs. Jim Rodgers,Small Business,Single,Male,1993-02-05,0,,True
438,21,Miss. Tony Wilkins Winters,Small Business,Single,Female,1994-02-05,0,,True
553,24,Mr. Edna Thomas,Corporate,Single,Male,1994-02-05,0,,True
672,27,Mister. Guy Gallagher,Corporate,Single,Male,1991-12-07,0,,True
850,32,Miss. Matthew Berman,Corporate,Single,Female,1989-02-05,0,,True
897,33,Mrs. Ricky Hensley,Corporate,Single,Female,1997-02-05,0,,True
932,43,Miss. Theodore Moran,Consumer,Single,Female,1986-02-05,0,,True
967,52,Mrs. Lorraine Kelly,Corporate,Single,Female,1996-02-05,0,,True
970,53,Miss. Sidney Russell Austin,Corporate,Single,Female,1988-02-05,0,,True
980,56,Miss. Randall Montgomery,Consumer,Single,Female,1993-02-05,0,,True
1008,62,Mrs. Pam nan Gilbert,Corporate,Single,Female,1991-02-05,0,,True
1016,64,Miss. Lynn Morrow,Small Business,Single,Female,1996-02-05,0,,True
1034,67,Mr. Ellen McCormick,Corporate,Single,Male,1990-02-05,0,,True
1039,68,Miss. Scott Bunn,Corporate,Single,Female,1987-12-07,0,,True
1050,70,Mrs. Annette Boone,Corporate,Married,Female,1989-12-08,0,,True
1092,83,Mr. Edgar Stone,Corporate,Single,Male,1989-12-07,0,,True
1093,84,Mr. Helen Stein,Corporate,Single,Male,1991-02-05,0,,True
1104,87,Miss. Norman Shields,Corporate,Single,Female,1996-12-07,0,,True
1121,91,Miss. Wallace Werner,Corporate,Single,Female,1991-02-05,0,,True
1126,92,Mrs. Victoria Baker Hoover,Corporate,Single,Female,1991-02-05,0,,True
1136,94,Mister. Eddie House Mueller,Home Office,Single,Male,1991-02-05,0,,True
1146,97,Mrs. Max nan McKenna,Home Office,Single,Female,1990-02-05,0,,True
9,101,Mr. Claudia Boyle,Consumer,Single,Female,1990-02-07,0,,True
15,102,Mister Caroline Johnston,Consumer,Single,Male,1991-02-05,0,,True
35,109,Miss. Tom McFarland,Consumer,Single,Female,1991-02-05,0,,True
57,114,Mrs. Ron Newton,Home Office,Single,Female,1991-02-05,0,,True
64,115,Mr. Dwight M Carr,Home Office,Single,Male,1991-02-06,0,,True
67,117,Mrs. Linda Weiss,Home Office,Single,Female,1999-02-05,0,,True
82,120,Mrs. Helen H Murphy,Corporate,Single,Male,1991-02-05,0,,True
94,123,Mistress Shawn Stern,Home Office,Single,Female,1994-02-05,0,,True
112,129,Miss. Kara nan Allison,Small Business,Single,Female,1997-02-05,0,,True
139,136,Mr. Dale Gillespie,Small Business,Single,Male,1990-02-05,0,,True
158,142,Doctor. Brooke Weeks Taylor,Small Business,Single,Male,1990-02-06,0,,True
164,144,Dr. Marguerite Moss,Small Business,Single,Female,1990-02-05,0,,True
169,146,Miss Yvonne nan Fox,Corporate,Single,Female,1992-12-07,0,,True
186,151,Mr. Geoffrey Zhu,Home Office,Single,Male,1990-02-05,0,,True
190,152,Miss. Kent Kerr,Small Business,Single,Female,1991-02-05,0,,True
202,156,Mister. Diana Xu,Corporate,Single,Male,1990-02-05,0,,True
233,164,Dr. Robin Kramer Vaughn,Home Office,Single,Female,1988-02-05,0,,True
237,166,Miss. Vicki Hauser,Consumer,Single,Female,1986-02-05,0,,True
252,169,Mr. Janice Cole,Corporate,Single,Male,1993-02-05,0,,True
262,171,Professor Christina Matthews,Corporate,Single,Female,1991-02-08,0,,True
299,181,Doctor. Wesley Waller,Corporate,Single,Female,1994-02-05,0,,True
309,184,Prof. Phillip Holmes,Small Business,Single,Female,1991-02-05,0,,True
319,188,Mrs. ALEX nan harrell,Corporate,Single,Male,1997-02-05,0,1.0,False
320,188,Mrs. AlEx nan harrell,Corporate,Married,Male,1997-02-05,1,2.0,False
321,188,Mrs. Alex nan Harrell,Corporate,Divorced,Male,1997-02-05,2,,True
328,190,Mister. Lloyd nan Norris,Corporate,Single,Female,1997-02-05,0,,True
334,191,Mister. Gerald nan Kearney,Corporate,Single,Male,1993-02-05,0,,True
341,193,Prof. Danny Hong,Corporate,Single,Male,1990-02-05,0,,True
345,194,Professor Tammy Goldman,Corporate,Single,Female,1990-02-05,0,,True
358,197,Miss Samantha nan Weaver,Small Business,Single,Female,1997-02-05,0,,True
363,198,Mrs Leroy nan Blanchard,Small Business,Single,Female,1990-02-05,0,,True
373,202,Mr. Max nan Small,Corporate,Single,Female,1992-02-05,0,,True
405,210,Doctor. Floyd Dale,Home Office,Single,Male,1994-02-05,0,,True
409,211,Dr. Anna Wood,Home Office,Married,Female,1991-02-05,0,,True
432,218,Dr. Frances Saunders,Consumer,Single,Male,1991-02-05,0,,True
474,228,Miss. Colleen Andrews,Small Business,Single,Female,1989-12-08,0,,True
486,233,Mr. Michele nan Bullard,Small Business,Single,Female,1998-02-05,0,,True
490,234,Mr. Don nan Cameron,Small Business,Single,Male,1992-02-05,0,,True
500,236,Doctor. Shawn McIntyre,Corporate,Single,Female,1992-02-05,0,,True
512,240,Prof. Gilbert Scarborough,Small Business,Single,Male,1991-02-05,0,,True
516,241,Professor Amy Ellis Holder,Small Business,Married,Female,1998-02-05,0,,True
541,247,Miss. Marshall Brandt Briggs,Corporate,Single,Female,1993-02-05,0,,True
562,250,Mistress Brenda Nelson Blanchard,Corporate,Single,Male,1990-02-05,0,,True
580,254,Dr. Brett Hawkins,Home Office,Single,Male,1989-12-09,0,,True
586,256,Professor Irene Li,Home Office,Single,Male,1990-02-05,0,,True
594,258,Mrs. Allan Shields,Consumer,Married,Male,1995-02-05,0,,True
596,259,Doctor. Edward Pugh,Consumer,Single,Male,1991-02-05,0,,True
613,263,Prof. Carlos Hess,Small Business,Single,Male,1990-12-08,0,,True
623,266,Mrs Ross nan Frederick,Corporate,Single,Female,1993-02-05,0,,True
630,268,Prof. James Beck,Home Office,Single,Male,1990-12-07,0,,True
635,269,Professor Calvin Boyette,Home Office,Single,Male,1991-02-05,0,,True
641,271,Miss. Sam Rouse,Small Business,Single,Female,1994-02-05,0,,True
646,272,Mr. Eleanor Swain,Home Office,Single,Male,1993-02-05,0,,True
653,275,Doctor. Roger Blalock Cassidy,Corporate,Single,Female,1993-02-05,0,,True
657,276,Dr. Lucille Rankin,Corporate,Single,Female,1996-02-05,0,,True
680,282,Professor Vickie Andrews,Corporate,Single,Female,1992-02-05,0,,True
683,283,Prof. Pauline Boyette,Corporate,Single,Female,1993-02-05,0,,True
696,286,Mistress. Virginia nan Gay,Small Business,Single,Female,1996-12-07,0,,True
705,288,Mrs Patricia Cole Blair,Small Business,Single,Female,1991-02-05,0,,True
712,290,Dr. Sara O'Connor,Small Business,Single,Female,1994-02-05,0,,True
765,306,Doctor. Thomas McAllister,Small Business,Single,Female,1994-02-05,0,,True
774,308,Doctor. Glen Caldwell,Small Business,Single,Male,1992-02-05,0,,True
800,314,Mrs Ruby nan Gibbons,Corporate,Single,Female,1991-02-05,0,,True
803,315,Dr. Benjamin Kaufman,Corporate,Single,Male,1994-02-06,0,,True
810,317,Prof. Katherine Kearney,Corporate,Single,Female,1999-02-05,0,,True
820,321,Professor Arthur Lowe Nash,Consumer,Married,Male,1992-02-06,0,,True
842,326,Miss. Brenda nan May,Consumer,Single,Male,1990-02-06,0,,True
849,329,Prof. Faye Dyer,Home Office,Single,Male,1992-12-07,0,,True
859,331,Doctor. Bradley Pollock,Home Office,Single,Male,1992-02-09,0,,True
878,335,Professor Curtis O'Connell,Corporate,Single,Male,1989-12-07,0,,True
896,339,Dr. Bobby Clements,Corporate,Single,Male,1989-12-07,0,,True
900,342,Mr. Jacqueline Noble,Corporate,Single,Male,1989-02-05,0,,True
901,343,Professor Lynn Epstein,Corporate,Single,Female,1991-12-07,0,,True
902,344,Prof. Rosemary English,Corporate,Single,Female,1994-02-05,0,,True
904,349,Mistress. Kim Weiss,Home Office,Single,Female,1991-12-07,0,,True
905,351,Doctor. Juanita Coley Knox,Home Office,Single,Female,1990-12-07,0,,True
906,353,Dr. Bonnie Chambers,Home Office,Single,Male,1990-02-05,0,,True
907,357,Doctor. bArBAra McNamara,Corporate,Single,Female,1992-12-08,0,,True
908,358,Dr. Chris F Brandt,Corporate,Single,Male,1989-02-05,0,,True
909,366,Professor Patrick Rosenthal,Small Business,Single,Female,1998-02-05,0,,True
910,369,Prof. Troy Moon,Corporate,Single,Female,1994-12-07,0,,True
911,370,Prof. Sam Oh,Corporate,Single,Female,1993-02-05,0,,True
912,371,Doctor. Roberta Mullins Peters,Corporate,Single,Female,1998-02-05,0,,True
913,373,Miss. Jeanne nan Werner,Small Business,Single,Male,1992-02-05,0,,True
914,375,Miss. Sandra Sharma,Small Business,Single,Female,1994-02-05,0,,True
915,377,Miss. Sylvia nan Bush,Consumer,Single,Female,1995-02-05,0,,True
916,381,Miss. Danielle nan Watts,Corporate,Single,Male,1990-02-08,0,,True
917,383,Dr. Renee Alston,Corporate,Single,Female,1992-02-05,0,,True
918,388,Mr. Roger nan Schwartz,Corporate,Single,Female,1996-02-05,0,,True
919,389,Mr Joel nan Buckley,Corporate,Single,Female,1992-12-07,0,,True
920,392,Mrs. Erica R Fuller,Corporate,Single,Male,1993-12-07,0,,True
921,393,Professor Shawn Combs,Corporate,Single,Female,1991-02-05,0,,True
922,395,Miss. Monica McCormick,Corporate,Single,Female,1989-02-05,0,,True
923,397,Prof. Denise Carver,Corporate,Single,Male,1989-12-10,0,,True
924,398,Doctor. Bruce Stark,Corporate,Single,Male,1989-12-09,0,,True
926,406,Dr. June Frank Hammond,Small Business,Single,Female,1992-02-05,0,,True
927,408,Mr. Calvin Parsons Walter,Corporate,Single,Male,1991-02-07,0,,True
928,411,Professor Carolyn Proctor,Consumer,Single,Male,1990-02-07,0,,True
929,421,Professor Scott Feldman,Small Business,Single,Female,1989-02-05,0,,True
930,428,Dr. Ernest Barber,Corporate,Single,Male,1992-02-05,0,,True
931,437,Mrs. Alice Berger McIntyre,Small Business,Married,Female,1998-02-05,0,,True
933,444,Mr Thelma nan Abrams,Small Business,Single,Female,1996-12-07,0,,True
934,445,Mrs. Judy nan Barrett,Small Business,Single,Female,1995-02-05,0,,True
935,447,Mrs. Valerie nan Moon,Corporate,Single,Female,1997-02-05,0,,True
936,451,Doctor. Joyce Murray,Home Office,Single,Female,1994-02-05,0,,True
937,452,Prof. Leslie Rowland,Home Office,Single,Female,1995-02-05,0,,True
938,453,Professor George Terry,Corporate,Single,Male,1992-12-07,0,,True
940,460,Doctor. Anne Armstrong,Home Office,Married,Female,1991-02-06,0,,True
941,463,Dr. Debbie Stevenson,Small Business,Single,Male,1992-02-05,0,,True
942,466,Dr. Marc Nash,Small Business,Single,Female,1996-02-05,0,,True
943,467,Professor Maria Thomas,Small Business,Single,Female,1995-12-07,0,,True
944,468,Prof. Craig Bennett,Small Business,Single,Male,1990-02-06,0,,True
945,469,Doctor. Marion Bowling,Small Business,Single,Female,1995-12-07,0,,True
946,470,Dr. Tony Doyle,Small Business,Single,Female,1991-02-05,0,,True
947,471,Mrs. Ross Simpson,Consumer,Single,Female,1988-02-05,0,,True
948,472,Professor Donna Craven,Consumer,Single,Male,1990-02-06,0,,True
949,483,Mr Edgar nan McKenzie,Corporate,Single,Male,1993-02-05,0,,True
950,485,Doctor. Edward Leonard,Corporate,Single,Male,1989-02-05,0,,True
951,487,Prof. Molly Vincent,Corporate,Single,Female,1992-02-05,0,,True
952,488,Doctor. Ronnie Creech,Corporate,Single,Female,1988-02-05,0,,True
953,489,Dr. Eileen Cheek,Corporate,Single,Male,1991-02-05,0,,True
954,491,Professor Toni Swanson,Consumer,Single,Female,1988-02-05,0,,True
955,493,Prof. Douglas Buck,Consumer,Single,Male,1990-02-05,0,,True
956,494,Professor Jimmy Alston Holder,Consumer,Single,Male,1993-02-05,0,,True
957,497,Miss. Steve McKee,Small Business,Single,Female,1994-02-05,0,,True
958,507,Doctor Carol Saunders,Corporate,Single,Male,1990-02-05,0,,True
959,508,Dr. Cameron Owens,Corporate,Single,Male,1989-12-07,0,,True
960,510,Dr. Gregory Rao,Corporate,Single,Male,1991-02-05,0,,True
961,518,Mister. Mark nan Ritchie,Home Office,Single,Female,1992-12-07,0,,True
962,522,Mr. Aaron Riggs,Small Business,Single,Male,1997-02-05,0,0.0,False
962,522,Prof. Aaron Riggs,Small Business,Married,Male,1997-02-05,0,0.0,False
962,522,Professor Aaron Riggs,Small Business,Married,Male,1997-02-05,0,1.0,False
963,522,Mr. AARON Riggs,Small Business,Married,Male,1997-02-05,1,2.0,False
964,522,Mr. aARON Riggs,Small Business,Divorced,Male,1997-02-05,2,,True
965,524,Prof. Gina McKnight,Consumer,Single,Male,1990-02-05,0,,True
966,526,Dr. April Hu,Home Office,Married,Male,1991-02-05,0,,True
968,535,Professor. Jill Clements,Corporate,Single,Male,1991-02-05,0,,True
969,539,Miss. Alice nan Coley,Small Business,Married,Female,1998-02-05,0,,True
971,540,Miss. Ruth nan Lamm,Small Business,Single,Female,1997-02-05,0,,True
972,549,Doctor. Dennis Boykin Townsend,Corporate,Single,Male,1990-02-06,0,,True
973,550,Mrs. Edna Monroe Talley,Corporate,Single,Male,1992-02-05,0,,True
974,551,Professor Peggy nan Chan,Corporate,Single,Female,1986-02-05,0,,True
975,553,Prof. Kristine Connolly,Corporate,Single,Female,1992-12-07,0,,True
976,555,Professor Walter Young,Corporate,Single,Female,1993-12-07,0,,True
977,556,Dr. Kristina Sanders,Home Office,Single,Female,1989-02-05,0,,True
979,568,Doctor Peter McConnell,Consumer,Single,Female,1988-02-05,0,,True
981,570,Doctor. Katharine Bass,Consumer,Single,Female,1995-02-05,0,,True
982,573,Prof. Vanessa nan Winstead,Corporate,Single,Female,1995-02-05,0,,True
983,576,Prof. Gordon Lyon,Corporate,Single,Male,1993-02-05,0,,True
984,578,Prof. Evan K Bullard,Corporate,Single,Male,1991-02-05,0,,True
985,579,Doctor. Marlene Abrams,Corporate,Single,Female,1994-02-05,0,,True
986,580,Dr. Kathryn Patrick,Corporate,Single,Female,1991-02-05,0,,True
987,584,Professor Timothy Currie,Corporate,Single,Female,1990-02-05,0,,True
988,585,Prof. William Larson,Corporate,Single,Female,1996-02-05,0,,True
989,592,Doctor. Eva nan Silverman,Small Business,Single,Male,1990-02-05,0,,True
990,593,Dr. Joel nan Huffman,Small Business,Single,Female,1990-02-05,0,,True
991,594,Professor Charlie nan Moore,Consumer,Single,Male,1990-12-07,0,,True
992,596,Prof. Doris nan Fitzpatrick,Consumer,Single,Male,1990-12-07,0,,True
993,597,Mr. AlexandrA nan WISE,Small Business,Divorced,Male,1998-02-05,0,1.0,False
994,597,Mr. AleXandra nan WISE,Small Business,Remarried,Male,1998-02-05,1,2.0,False
995,597,Mr. Alexandra nan Wise,Small Business,Married,Male,1998-02-05,2,,True
997,600,Doctor. Vickie Morse,Corporate,Single,Female,1998-02-05,0,,True
998,603,Professor Gretchen Ball,Home Office,Single,Male,1990-02-05,0,,True
999,604,Dr. Lindsay P Ashley,Home Office,Single,Female,1992-02-05,0,,True
1000,605,Mr. Alison Peters Wooten,Corporate,Married,Male,1997-12-07,0,,True
1001,617,Doctor. brett sCHultz,Consumer,Single,Male,1990-02-05,0,,True
1002,618,Prof. Robert Cowan,Consumer,Single,Female,1993-02-05,0,,True
1003,619,Dr. Howard nan Rogers,Consumer,Single,Male,1991-12-07,0,,True
1004,621,Professor Heather Stern,Home Office,Single,Male,1993-02-05,0,,True
1005,622,Prof. Hazel Khan,Home Office,Single,Male,1992-02-05,0,,True
1006,624,Doctor. Terry Klein,Home Office,Single,Female,1996-02-05,0,,True
1007,627,Dr. Scott McKenna,Corporate,Single,Female,1990-02-05,0,,True
1009,635,Professor Juan nan Justice,Corporate,Single,Female,1993-02-05,0,,True
1010,637,Professor Christopher Bryant,Consumer,Single,Female,1990-12-12,0,,True
1011,638,Dr. Brooke Shepherd,Consumer,Single,Male,1990-02-05,0,,True
1012,640,Doctor. Neal Wolfe,Consumer,Single,Female,1995-02-05,0,,True
1013,646,Prof. Robin nan High,Corporate,Single,Female,1985-12-07,0,,True
1014,648,Doctor. Steve nan O'Brien,Home Office,Single,Female,1994-12-07,0,,True
1015,649,Dr. Roger nan Meyer,Home Office,Single,Female,1994-02-05,0,,True
1017,651,Prof. Leah Clapp,Consumer,Single,Female,1999-02-05,0,,True
1018,653,Professor Ann Katz,Consumer,Married,Female,1991-02-10,0,,True
1019,657,Professor Derek McCormick,Consumer,Single,Male,1990-02-09,0,,True
1020,659,Prof. Marjorie Arthur,Consumer,Single,Female,1990-02-05,0,,True
1021,663,Doctor. Hilda Bennett,Home Office,Single,Male,1992-12-07,0,,True
1022,665,Dr. Miriam Mueller,Corporate,Single,Female,1996-12-07,0,,True
1023,666,Prof. Emily Sims,Corporate,Single,Male,1992-02-05,0,,True
1024,667,Professor Allison nan Kirby,Corporate,Married,Male,1994-12-07,0,0.0,False
1024,667,Professor Allison Kirby,Corporate,Married,Male,1994-12-07,0,,True
1025,669,Prof. Amy nan Shea,Home Office,Married,Female,1992-02-05,0,,True
1026,670,Professor. Lewis Baldwin,Home Office,Single,Female,1990-12-07,0,,True
1027,672,Doctor. Brian nan Leach,Small Business,Single,Male,1990-02-05,0,,True
1028,674,Mr AlBERT nan FROST,Small Business,Divorced,Male,1993-02-06,0,1.0,False
1029,674,Mr aLBERT nan frosT,Small Business,Remarried,Male,1993-02-06,1,2.0,False
1030,674,Mr Albert nan Frost,Small Business,Married,Male,1993-02-06,2,,True
1032,678,Doctor Edward McKenzie,Corporate,Single,Male,1990-02-05,0,,True
1033,679,Dr. Katie Dougherty,Corporate,Single,Female,1998-02-05,0,,True
1035,680,Doctor. Laurence Poe,Corporate,Single,Female,1991-02-05,0,,True
1036,683,Professor Seth nan Merrill,Small Business,Single,Female,1992-12-07,0,,True
1037,688,Prof. Ashley nan Reese,Small Business,Married,Male,1993-02-05,0,,True
1038,689,Doctor. Tommy nan Honeycutt,Small Business,Single,Female,1994-02-05,0,,True
1040,691,Prof. Alicia Curtis,Home Office,Married,Female,1998-02-05,0,,True
1041,693,Professor Richard McClure,Small Business,Single,Female,1995-12-07,0,,True
1042,696,Dr. Johnny nan Reid,Corporate,Single,Female,1991-02-05,0,,True
1043,697,Mister. Adam G Sawyer,Corporate,Married,Male,1997-02-05,0,1.0,False
1044,697,Mister. aDAM G sawyer,Corporate,Divorced,Male,1997-02-05,1,2.0,False
1045,697,Mister. Adam G Sawyer,Corporate,Remarried,Male,1997-02-05,2,,True
1046,698,Dr. Nelson Hensley,Corporate,Single,Female,1995-02-05,0,,True
1047,699,Doctor. Jenny Gold,Consumer,Single,Male,1998-02-05,0,,True
1048,700,Prof. Joseph Grossman,Consumer,Single,Female,1992-02-05,0,,True
1049,702,Professor Kelly O'Connor,Consumer,Single,Female,1989-02-05,0,,True
1051,711,Dr. Pam Anthony,Consumer,Single,Female,1988-02-05,0,,True
1052,719,Dr. Stephen Lam,Corporate,Single,Female,1993-02-05,0,,True
1053,721,Prof. Melvin nan Duke,Corporate,Single,Female,1996-02-05,0,,True
1054,724,Professor Beverly Cooke Brooks,Consumer,Single,Female,1990-02-07,0,,True
1055,727,Prof. Lindsay Link,Consumer,Single,Female,1987-02-05,0,,True
1056,731,Doctor. June Herbert,Consumer,Single,Female,1993-02-05,0,,True
1057,736,Dr. Meredith Walters,Consumer,Single,Female,1986-12-07,0,,True
1058,737,Professor Danny Vaughn,Consumer,Single,Male,1990-02-06,0,,True
1059,738,Prof. Peggy Rowe,Consumer,Single,Female,1988-12-07,0,,True
1060,741,Doctor. Stacey Hale,Consumer,Single,Female,1991-02-05,0,,True
1061,744,Doctor. Joy Maxwell,Consumer,Single,Female,1993-02-05,0,,True
1062,745,Prof. Mary Page,Consumer,Single,Female,1998-02-05,0,,True
1063,750,Dr. Jordan Wilkinson,Corporate,Single,Female,1993-02-05,0,,True
1064,751,Prof. David Wrenn,Corporate,Single,Male,1992-12-08,0,,True
1065,753,Professor Elisabeth Massey,Corporate,Single,Male,1990-02-05,0,,True
1066,754,Dr. Helen Lyons,Consumer,Single,Male,1993-02-05,0,,True
1067,757,Doctor. Neil Hogan,Home Office,Single,Female,1986-02-05,0,,True
1068,759,Doctor. Bernice F Day,Small Business,Single,Male,1995-02-09,0,,True
1069,762,Prof. Stuart Holloway,Small Business,Single,Female,1987-02-05,0,,True
1070,767,Dr. Jeffrey nan Mueller,Corporate,Single,Male,1993-02-05,0,,True
1071,770,Professor Geraldine Puckett,Small Business,Single,Male,1992-02-05,0,,True
1072,771,Dr. Deborah Paul,Small Business,Single,Male,1990-02-05,0,,True
1073,772,Dr. Jean Webster,Small Business,Single,Male,1994-02-05,0,,True
1074,782,Doctor. Sarah N Becker,Small Business,Single,Female,1995-02-05,0,,True
1075,783,Professor Carlos Byrd,Small Business,Single,Male,1989-12-10,0,,True
1076,786,Prof. Jason Bray,Home Office,Single,Male,1990-02-05,0,,True
1077,792,Professor Holly nan Pate,Corporate,Single,Male,1990-02-05,0,,True
1078,796,Prof. Amanda nan Conner,Corporate,Married,Female,1996-02-05,0,,True
1079,797,Professor Eileen Riddle,Corporate,Single,Male,1992-02-05,0,,True
1080,799,Professor. Lee McKenna Gregory,Consumer,Single,Female,1992-02-05,0,,True
1081,800,Dr. Cheryl Guthrie,Consumer,Single,Male,1991-02-05,0,,True
1082,803,Doctor Marianne Goldstein,Small Business,Single,Female,1989-02-05,0,,True
1083,806,Dr. Judy Singer,Small Business,Single,Female,1989-02-05,0,,True
1084,820,Doctor. Catherine Mullins,Small Business,Single,Male,1990-02-06,0,,True
1085,823,Prof. Christian Albright,Small Business,Single,Female,1990-12-08,0,,True
1086,824,Professor. Joann Moser,Small Business,Single,Female,1990-12-07,0,,True
1087,825,Doctor. Marvin nan Hunt,Home Office,Single,Female,1988-02-05,0,,True
1088,827,Dr. Sheryl nan Marsh,Home Office,Single,Female,1990-02-05,0,,True
1089,829,Doctor Monica Law Thompson,Corporate,Single,Female,1987-02-05,0,,True
1090,830,Prof. Douglas Sutton,Corporate,Single,Male,1991-02-05,0,,True
1091,833,Professor Gerald Love,Corporate,Single,Male,1989-02-05,0,,True
1094,850,Dr. Jesse Hutchinson,Corporate,Single,Male,1989-02-05,0,,True
1095,851,Doctor. Helen H Heller,Corporate,Single,Male,1994-02-05,0,,True
1096,853,Prof. Leah Davenport,Small Business,Single,Female,1987-02-05,0,,True
1097,854,Prof. Karen Hendricks,Corporate,Single,Female,1992-02-05,0,,True
1098,855,Doctor. Jacob Lanier,Corporate,Single,Male,1993-02-05,0,,True
1099,858,Dr. Arthur Brady,Corporate,Married,Male,1993-02-09,0,,True
1100,865,Professor Dana nan Burgess,Corporate,Single,Male,1990-02-05,0,,True
1101,868,Prof. Sharon nan Ellis,Corporate,Single,Female,1988-12-07,0,,True
1102,871,Professor Sandy Ellington,Home Office,Single,Female,1998-02-05,0,,True
1103,875,Dr. Erika Fink,Small Business,Single,Male,1994-02-05,0,,True
1105,880,Doctor. Ellen Beck,Small Business,Single,Male,1992-02-05,0,,True
1106,885,Doctor. Malcolm nan Robertson,Corporate,Single,Female,1990-12-07,0,,True
1108,890,Dr. Billie nan Fowler,Consumer,Single,Female,1990-02-05,0,,True
1109,894,Professor Gail Rankin Cole,Corporate,Single,Male,1991-02-05,0,,True
1110,896,Professor Jennifer nan Siegel,Corporate,Single,Male,1992-02-05,0,,True
1111,898,Prof. Harriet Hodges,Small Business,Single,Male,1993-02-05,0,,True
1112,899,Doctor. Jordan Berry,Small Business,Single,Female,1992-02-05,0,,True
1113,903,Dr. Francis Spivey,Consumer,Single,Male,1993-02-05,0,,True
1114,907,Dr. Rachel Casey,Home Office,Single,Female,1989-02-05,0,,True
1115,910,Prof. Carla Hauser,Corporate,Single,Male,1990-02-06,0,,True
1116,911,Professor Marsha P Joyner,Corporate,Single,Female,1989-02-05,0,,True
1117,915,Prof. Carol nan Sherrill,Home Office,Single,Male,1989-12-08,0,,True
1118,916,Doctor. Marion nan Wilcox,Corporate,Single,Female,1989-02-05,0,,True
1119,918,Prof. Kerry Jernigan,Corporate,Single,Female,1998-12-07,0,,True
1120,919,Professor Tracy Livingston,Consumer,Single,Female,1989-02-05,0,,True
1122,920,Dr. Jessie Kelly,Consumer,Single,Male,1991-02-05,0,,True
1123,922,Doctor. Dolores Abrams,Small Business,Single,Male,1992-02-06,0,,True
1124,925,Prof. Ruth Dudley,Small Business,Single,Female,1995-02-05,0,,True
1125,929,Doctor. Calvin Conway,Small Business,Single,Male,1990-12-08,0,,True
1127,936,Prof. Robyn Garner,Corporate,Single,Female,1992-02-05,0,,True
1128,937,Professor Kelly Shaw,Corporate,Single,Female,1991-02-05,0,,True
1129,940,Mr. Albert Maxwell,Home Office,Single,Male,1992-12-09,0,1.0,False
1130,940,Mr. ALBERT Maxwell,Home Office,Married,Male,1992-12-09,1,2.0,False
1131,940,Mr. Albert Maxwell,Home Office,Divorced,Male,1992-12-09,2,,True
1132,945,Dr. Stephanie Sun Perry,Home Office,Single,Female,1991-02-05,0,,True
1133,946,Professor Denise Parks,Home Office,Single,Male,1989-12-12,0,,True
1134,947,Prof. Dorothy Buchanan,Home Office,Single,Male,1990-12-08,0,,True
1135,949,Doctor. Ernest Oh,Consumer,Single,Male,1991-02-05,0,,True
1137,950,Dr. Jane nan Shah,Consumer,Single,Male,1992-02-05,0,,True
1138,954,Professor Tony nan Chandler,Small Business,Single,Female,1990-02-05,0,,True
1139,959,Prof. Sally nan House,Corporate,Single,Female,1989-02-05,0,,True
1140,960,Prof. Phillip Chappell,Home Office,Single,Female,1990-02-05,0,,True
1141,961,Professor Benjamin Chan,Home Office,Single,Male,1992-12-12,0,,True
1142,962,Doctor. Yvonne nan Clarke,Home Office,Single,Female,1990-02-05,0,,True
1143,970,Professor. Lynn Payne,Consumer,Single,Female,1997-12-07,0,,True
1144,972,Dr. Gregory Holden,Corporate,Single,Male,1990-12-07,0,,True
1145,975,Doctor. Francis Evans,Corporate,Single,Male,1992-02-05,0,,True
1147,980,Dr. Howard Burnett,Corporate,Single,Male,1991-02-05,0,,True
1148,983,Doctor Sue Drake,Corporate,Single,Female,1989-02-05,0,,True
1149,993,Doctor. Gail Currin,Small Business,Single,Male,1993-02-05,0,,True
1150,994,Professor Neal Weber,Small Business,Single,Female,1990-12-07,0,,True
1151,995,Prof. Lloyd Spencer,Small Business,Single,Female,1998-02-05,0,,True
1152,997,Doctor. Phillip Pollard,Small Business,Single,Female,1992-02-05,0,,True
1154,999,Dr. Rita Barton,Small Business,Single,Female,1988-02-05,0,,True
1,1000,Professor Lynn Bell,Small Business,Single,Female,1990-12-07,0,,True
2,1005,Dr. Lloyd nan Dickson,Small Business,Single,Female,1989-02-05,0,,True
3,1008,Prof. Priscilla Frank,Home Office,Single,Female,1998-02-05,0,,True
4,1009,Doctor. Kristin George,Corporate,Single,Female,1996-12-07,0,,True
5,1014,Dr. Theresa Winters,Home Office,Single,Female,1992-02-05,0,,True
6,1015,Prof. Beverly Cameron,Home Office,Single,Female,1990-02-06,0,,True
7,1016,Professor. Francis Sherrill,Home Office,Single,Male,1992-02-05,0,,True
8,1018,Doctor Meredith Humphrey,Home Office,Single,Female,1998-02-05,0,,True
10,1020,Professor Julie nan Porter,Small Business,Single,Female,1991-02-05,0,,True
11,1023,Dr. Glen Newman,Small Business,Single,Male,1993-02-05,0,,True
12,1026,Professor Eugene Kerr,Small Business,Single,Male,1991-02-05,0,,True
13,1027,Prof. Brian Bennett,Small Business,Single,Male,1990-02-05,0,,True
14,1028,Doctor. Marguerite Rodgers,Small Business,Single,Female,1992-02-05,0,,True
16,1035,Dr. Kent Burton,Home Office,Single,Female,1997-02-05,0,,True
17,1036,Professor Jessica Huffman,Home Office,Single,Male,1991-02-05,0,,True
18,1038,Dr. Jon Hale,Corporate,Single,Female,1993-02-05,0,,True
19,1041,Prof. Mildred Chase,Small Business,Single,Female,1987-02-05,0,,True
20,1042,Professor Jerome Burch,Small Business,Single,Male,1990-02-05,0,,True
21,1044,Dr. Erin Ballard,Home Office,Single,Male,1994-02-05,0,,True
22,1047,Prof. Gayle Pearson,Home Office,Single,Male,1993-02-05,0,,True
23,1054,Doctor. Keith R Atkinson,Corporate,Single,Female,1994-02-05,0,,True
24,1060,Prof. Gene Gilliam,Small Business,Single,Male,1990-02-05,0,,True
25,1062,Doctor. Willie Robinson,Small Business,Single,Female,1988-12-07,0,,True
26,1065,Prof. Vicki nan Bond,Corporate,Single,Female,1998-02-05,0,,True
27,1068,Doctor. Erik nan Barr,Home Office,Single,Male,1990-02-05,0,,True
28,1069,Dr. Pam nan Bennett,Home Office,Single,Female,1989-02-05,0,,True
29,1072,Dr. Marion Owens,Corporate,Single,Female,1987-12-07,0,,True
30,1075,Professor Theodore nan Tyson,Home Office,Single,Female,1987-12-07,0,,True
31,1080,Prof. Colleen nan Fletcher,Corporate,Single,Female,1990-02-07,0,,True
32,1083,Doctor. Hazel nan Dale,Corporate,Single,Male,1991-02-05,0,,True
33,1085,Professor Ted Dunlap,Corporate,Single,Female,1994-02-05,0,,True
34,1086,Prof. Leon Peele,Home Office,Single,Female,1988-02-05,0,,True
36,1101,Prof. Kimberly McCarthy,Small Business,Single,Female,1993-02-05,0,,True
37,1104,Doctor. Timothy Ross,Home Office,Single,Female,1993-02-05,0,,True
38,1106,Dr. Maxine Collier Grady,Consumer,Single,Female,1994-12-07,0,,True
39,1107,Professor Joanna nan Keith,Small Business,Single,Female,1992-02-05,0,,True
40,1108,Prof. Dwight nan Bishop,Small Business,Single,Male,1991-02-05,0,,True
41,1109,Doctor. Dennis nan Welch,Consumer,Single,Male,1989-12-09,0,,True
42,1112,Professor Luis Kerr,Corporate,Single,Female,1998-02-05,0,,True
43,1113,Dr. Julia Reynolds,Corporate,Single,Female,1991-02-05,0,,True
44,1117,Doctor. Samantha Koch,Home Office,Single,Female,1996-02-05,0,,True
45,1121,Prof. Tonya Proctor,Consumer,Single,Female,1997-02-05,0,,True
46,1123,Professor Peggy Lanier,Small Business,Single,Female,1988-02-05,0,,True
47,1124,Dr. Randy Jiang,Small Business,Single,Female,1993-12-07,0,,True
48,1127,Dr. Ray nan Grady,Consumer,Single,Female,1996-02-05,0,,True
49,1128,Professor Kurt nan O'Connor,Consumer,Single,Female,1996-02-05,0,,True
50,1129,Professor Pam Patton,Home Office,Single,Female,1997-02-05,0,,True
51,1131,Prof. Benjamin nan Strauss,Home Office,Single,Male,1995-02-07,0,,True
52,1132,Doctor. Michael nan Robbins,Corporate,Single,Female,1991-02-05,0,,True
53,1133,Dr. Marjorie nan Owens,Home Office,Single,Female,1992-02-05,0,,True
54,1136,Professor Carmen nan McPherson,Consumer,Single,Male,1990-02-06,0,,True
55,1138,Prof. Malcolm nan Floyd,Home Office,Single,Female,1988-12-07,0,,True
56,1142,Doctor. Russell nan Chan,Home Office,Single,Female,1993-02-05,0,,True
58,1151,Prof. Edna Huang,Corporate,Single,Male,1991-12-07,0,,True
59,1155,Dr. Alex Nicholson,Consumer,Married,Male,1997-02-05,0,0.0,False
59,1155,Mr. Alex Nicholson,Consumer,Single,Male,1998-02-05,0,1.0,False
60,1155,Mr. AlEX NicholSON,Consumer,Married,Male,1997-02-05,1,2.0,False
61,1155,Mr. Alex Nicholson,Consumer,Divorced,Male,1997-02-05,2,,True
62,1156,Doctor. Edith Forbes,Consumer,Single,Male,1991-02-05,0,,True
63,1159,Dr. Arlene Weeks,Consumer,Married,Male,1991-12-08,0,,True
65,1170,Professor Jessie Houston,Consumer,Single,Male,1991-02-05,0,,True
66,1178,Professor. Sandy Hunt,Consumer,Single,Female,1988-12-07,0,,True
68,1182,Prof. Jesse Williamson,Home Office,Single,Male,1990-02-05,0,,True
69,1183,Professor Becky O'Brien,Home Office,Single,Male,1993-02-08,0,,True
70,1185,Doctor Lee Xu,Consumer,Single,Female,1994-02-05,0,,True
71,1186,Dr. Glenda Herbert,Consumer,Single,Male,1993-02-05,0,,True
72,1189,Doctor. Dwight Stephenson,Consumer,Single,Male,1990-12-07,0,,True
73,1191,Prof. John Morse,Small Business,Single,Female,1993-02-05,0,,True
74,1193,Doctor. Louis Parrish,Small Business,Single,Female,1992-02-05,0,,True
75,1194,Dr. Sidney Brewer,Small Business,Single,Female,1994-02-05,0,,True
76,1197,Dr. Grace McNeill Hunt,Small Business,Single,Male,1992-12-07,0,,True
77,1199,Professor Edward Lamm,Consumer,Single,Male,1993-02-05,0,,True
79,1200,Prof. Beth English,Consumer,Single,Female,1991-02-06,0,,True
80,1202,Doctor. Faye Wolf,Consumer,Single,Male,1989-02-05,0,,True
81,1203,Dr. Judy Merritt,Small Business,Single,Female,1998-02-05,0,,True
83,1211,Dr. Debra nan Proctor,Corporate,Single,Male,1990-02-07,0,,True
84,1212,Professor Eileen nan Fletcher,Corporate,Single,Male,1990-02-05,0,,True
85,1213,Prof. Jeremy nan Pratt,Corporate,Single,Male,1994-02-05,0,,True
86,1217,Professor Billy Perry Browning,Small Business,Single,Female,1989-12-10,0,,True
87,1226,Prof. Ken Cash,Small Business,Single,Female,1992-02-05,0,,True
88,1227,Doctor. Elsie Hwang,Small Business,Single,Male,1988-12-07,0,,True
89,1228,Dr. Hazel Jennings,Small Business,Single,Male,1993-02-05,0,,True
90,1229,Doctor. Patrick nan Byrne,Small Business,Single,Female,1995-02-05,0,,True
91,1234,Mr. Zeelan Shaik,Consumer,Married,Male,1997-02-05,1,,True
92,1237,Dr. Eva nan Simpson,Corporate,Single,Male,1994-02-05,0,,True
93,1238,Professor April nan Bowers,Corporate,Married,Male,1990-12-11,0,,True
95,1241,Prof. Bradley Schroeder,Small Business,Single,Male,1990-02-05,0,,True
96,1246,Professor Lois Hansen,Home Office,Single,Female,1989-02-05,0,,True
97,1247,Prof. Henry nan O'Connell,Home Office,Single,Male,1993-12-07,0,,True
98,1250,Doctor. Kara nan Patton,Corporate,Single,Female,1991-02-05,0,,True
99,1253,Dr. Vickie nan Coates,Home Office,Single,Female,1994-12-07,0,,True
100,1254,Professor Anne nan Bland,Home Office,Married,Female,1991-02-05,0,,True
101,1257,Prof. Ryan Foster,Home Office,Single,Female,1987-02-05,0,,True
102,1259,Professor. Keith Hobbs,Home Office,Single,Female,1987-02-05,0,,True
103,1261,Professor Vickie Gonzalez,Home Office,Single,Female,1996-02-05,0,,True
104,1265,Prof. Danielle nan Kramer,Home Office,Single,Male,1990-02-07,0,,True
105,1267,Doctor Rosemary Branch,Corporate,Single,Female,1993-02-05,0,,True
106,1271,Dr. Joanne Church,Corporate,Single,Female,1989-12-07,0,,True
107,1279,Doctor. Josephine nan Rao,Corporate,Single,Female,1993-02-05,0,,True
108,1280,Doctor. Harold Albright,Corporate,Single,Male,1991-02-05,0,,True
109,1281,Dr. Pauline nan Denton,Small Business,Single,Female,1996-02-05,0,,True
110,1282,Prof. Dana Sharpe,Small Business,Single,Male,1990-02-05,0,,True
111,1298,Professor Herbert nan Beard,Home Office,Single,Male,1991-02-05,0,,True
113,1303,Prof. Cindy Harvey,Consumer,Single,Female,1990-02-05,0,,True
114,1304,Professor Sherri McIntosh,Consumer,Single,Female,1986-02-05,0,,True
115,1305,Dr. Chris Pritchard,Consumer,Single,Male,1990-12-07,0,,True
116,1307,Doctor. Teresa Hill,Small Business,Single,Female,1992-02-05,0,,True
117,1314,Prof. Keith Marsh,Home Office,Single,Female,1991-02-05,0,,True
118,1315,Mr. Adam Saunders Gray,Home Office,Divorced,Male,1993-02-05,0,1.0,False
119,1315,Mr. aDAM Saunders Gray,Home Office,Remarried,Male,1993-02-05,1,2.0,False
120,1315,Mr. Adam Saunders Gray,Home Office,Single,Male,1993-02-05,2,,True
121,1316,Dr. Marion Lindsey,Home Office,Single,Female,1994-02-05,0,,True
122,1338,Prof. Denise nan McIntosh,Home Office,Single,Male,1990-02-09,0,,True
123,1340,Doctor. Marie Bass,Home Office,Single,Female,1994-02-05,0,,True
124,1341,Dr. Edward Bynum,Home Office,Single,Male,1991-02-05,0,,True
125,1347,Dr. Vivian Goldstein,Home Office,Single,Female,1987-02-05,0,,True
126,1350,Prof. Jackie Burke,Home Office,Single,Male,1988-12-07,0,,True
127,1351,Professor. Janet McCullough,Home Office,Single,Male,1993-02-05,0,,True
128,1352,Professor Vivian Clarke,Home Office,Single,Female,1985-12-07,0,,True
129,1354,Mr. AARON nan Dillon,Consumer,Single,Male,1997-02-05,0,1.0,False
130,1354,Mr. AARON nan DILLON,Consumer,Married,Male,1997-02-05,1,2.0,False
131,1354,Mr. Aaron nan Dillon,Consumer,Divorced,Male,1997-02-05,2,,True
132,1357,Dr. Marguerite nan Yu,Home Office,Single,Female,1994-02-05,0,,True
133,1360,Professor Arlene nan Gibbons,Consumer,Married,Male,1990-12-08,0,,True
134,1361,Prof. Kristina nan Collier,Consumer,Single,Female,1988-02-05,0,,True
135,1363,Doctor Earl Roy,Consumer,Single,Male,1990-02-05,0,,True
136,1364,Prof. Chris Ford,Home Office,Single,Male,1990-02-05,0,,True
137,1368,Doctor. Patsy nan Harmon,Consumer,Single,Female,1986-02-05,0,,True
138,1369,Dr. Joe D Dean,Consumer,Single,Female,1993-02-05,0,,True
140,1374,Doctor. Earl Buck,Home Office,Single,Male,1991-02-07,0,,True
141,1380,Doctor. Jeanne Walker,Home Office,Single,Male,1989-02-05,0,,True
142,1383,Prof. Christina Hanna,Consumer,Single,Female,1990-12-09,0,,True
143,1384,Dr. George McLamb,Consumer,Single,Male,1992-02-05,0,,True
144,1389,Professor Jean Khan,Consumer,Single,Male,1990-02-05,0,,True
145,1390,Dr. Hazel Jones,Corporate,Single,Male,1991-02-05,0,,True
146,1391,Doctor. Carolyn Greer,Small Business,Single,Male,1990-02-05,0,,True
147,1402,Professor Wesley nan Tate,Home Office,Single,Female,1992-02-05,0,,True
148,1405,Prof. Crystal nan Floyd,Home Office,Single,Male,1990-02-05,0,,True
149,1410,Prof. Charles Ward,Corporate,Single,Male,1991-02-05,0,,True
150,1412,Professor Marc Ray,Corporate,Single,Female,1997-02-05,0,,True
151,1413,Dr. Pamela Wiley,Corporate,Single,Female,1997-02-05,0,,True
152,1416,Doctor. Betsy nan Gibson,Small Business,Single,Female,1992-02-05,0,,True
153,1418,Dr. Rebecca nan Lindsey,Small Business,Single,Female,1989-02-05,0,,True
154,1419,Professor Brooke nan Lancaster,Small Business,Single,Male,1989-12-08,0,,True
155,1424,Dr. Robyn Zhou,Home Office,Single,Female,1989-02-05,0,,True
156,1425,Doctor. Gregory Crane,Small Business,Single,Male,1989-02-05,0,,True
157,1427,Prof. Stacy nan Gould,Home Office,Single,Female,1997-02-05,0,,True
159,1432,Doctor. Kerry nan Green,Corporate,Single,Female,1996-02-05,0,,True
160,1433,Dr. Frances nan Jackson,Corporate,Single,Male,1993-02-05,0,,True
161,1438,Professor Jean Weiss Diaz,Corporate,Single,Male,1990-02-05,0,,True
162,1439,Prof. Kyle Kaufman,Corporate,Single,Female,1994-02-05,0,,True
163,1442,Professor Rodney nan Field,Corporate,Single,Female,1990-12-07,0,,True
165,1450,Prof. Veronica Peck,Consumer,Single,Female,1996-12-07,0,,True
166,1459,Prof. Steve Raynor,Consumer,Single,Female,1996-02-05,0,,True
167,1466,Prof. Wesley nan Reid,Small Business,Single,Female,1989-12-07,0,,True
168,1469,Professor Vicki Zhu Daniels,Small Business,Single,Female,1990-12-07,0,,True
170,1471,Doctor. Danielle Daniel,Home Office,Single,Male,1990-02-06,0,,True
171,1472,Dr. Tommy Ellis Ritchie,Home Office,Single,Female,1993-02-05,0,,True
172,1473,Professor Paul Puckett,Home Office,Single,Female,1988-02-05,0,,True
173,1481,Dr. Marvin MacDonald,Corporate,Single,Female,1989-02-05,0,,True
174,1482,Doctor. Michael nan Tanner,Corporate,Single,Female,1993-12-07,0,,True
175,1484,Dr. Alison nan Stewart,Home Office,Divorced,Male,1995-02-05,0,,True
176,1485,Professor Wayne nan Sutherland,Home Office,Single,Female,1995-02-05,0,,True
177,1492,Prof. Don nan Beard,Corporate,Single,Male,1992-02-07,0,,True
178,1494,Prof. Kate Lehman,Corporate,Single,Female,1990-02-05,0,,True
179,1497,Doctor. Gloria Jacobs,Corporate,Single,Male,1990-02-05,0,,True
180,1499,Professor. Charlotte L Doyle,Home Office,Single,Male,1990-12-07,0,,True
182,1502,Doctor Renee Huang,Small Business,Single,Female,1995-02-05,0,,True
183,1505,Doctor. Kay nan Schultz,Small Business,Single,Female,1986-02-05,0,,True
184,1511,Dr. Joseph nan Dawson,Corporate,Single,Female,1991-02-05,0,,True
185,1519,Dr. Randall Boykin,Consumer,Single,Female,1991-02-05,0,,True
187,1526,Dr. Larry Hall,Home Office,Single,Female,1996-02-05,0,,True
188,1527,Prof. Neil Parker,Home Office,Single,Female,1989-02-05,0,,True
189,1528,Professor. Brad Stark,Small Business,Single,Male,1992-02-08,0,,True
191,1531,Doctor Jon Ayers,Consumer,Single,Female,1992-02-05,0,,True
192,1533,Professor Nicole nan Reid,Corporate,Single,Female,1991-02-05,0,,True
193,1548,Prof. John nan Bray,Corporate,Single,Female,1991-02-05,0,,True
194,1551,Dr. Laurence Flowers,Consumer,Single,Female,1989-02-05,0,,True
195,1552,Prof. Gary Koch,Small Business,Single,Male,1991-12-07,0,,True
196,1553,Professor. Tara Powers Underwood,Small Business,Single,Female,1996-02-05,0,,True
197,1554,Doctor Joan Floyd,Consumer,Single,Female,1989-12-07,0,,True
198,1556,Dr. Carol Wood,Consumer,Single,Male,1990-02-05,0,,True
199,1557,Prof. James Nicholson,Consumer,Single,Male,1993-02-05,0,,True
200,1559,Professor. Zachary Maynard,Consumer,Single,Female,1997-12-07,0,,True
201,1561,Doctor. Edwin nan Coley,Corporate,Single,Male,1989-12-07,0,,True
203,1574,Doctor Sherry Hurley,Consumer,Single,Female,1989-02-05,0,,True
204,1580,Professor Ronnie Nolan,Corporate,Single,Female,1989-02-05,0,,True
205,1590,Prof. Lucille Buchanan,Corporate,Single,Female,1991-12-07,0,,True
206,1593,Dr. Ronald nan O'Neill,Corporate,Single,Female,1987-02-05,0,,True
207,1595,Doctor. Chad Henson,Corporate,Single,Male,1991-02-05,0,,True
209,1602,Dr. Frank Hess,Home Office,Single,Male,1990-02-05,0,,True
210,1603,Mr. Alex Watkins,Small Business,Married,Male,1997-02-05,0,1.0,False
211,1603,Mr. AleX WatkinS,Small Business,Divorced,Male,1997-02-05,1,2.0,False
212,1603,Mr. Alex Watkins,Small Business,Remarried,Male,1997-02-05,2,,True
213,1606,Prof. Don Rogers,Home Office,Single,Male,1991-02-05,0,,True
214,1607,Doctor. Kathleen Huang Hall,Home Office,Single,Female,1989-02-05,0,,True
215,1609,Doctor. Jerry Ennis,Consumer,Single,Male,1992-02-05,0,,True
216,1614,Dr. Wayne Lutz,Consumer,Single,Female,1992-02-05,0,,True
217,1618,Professor June nan Roberts,Consumer,Single,Female,1994-02-05,0,,True
218,1620,Professor Gerald Petty,Consumer,Single,Male,1990-02-05,0,,True
219,1623,Prof. Patrick nan Adcock,Small Business,Single,Female,1994-02-05,0,,True
220,1625,Prof. Molly Browning,Home Office,Single,Female,1990-12-07,0,,True
221,1627,Mr. Aaron Day,Corporate,Single,Male,1997-02-14,0,1.0,False
222,1627,Mr. Aaron Day,Corporate,Married,Male,1997-02-14,1,2.0,False
223,1627,Mr. Aaron Day,Corporate,Divorced,Male,1997-02-14,2,,True
224,1632,Prof. Lori Wolfe,Home Office,Single,Female,1992-02-05,0,,True
225,1633,Professor. Gerald Raynor,Home Office,Single,Male,1991-02-05,0,,True
226,1634,Doctor Katherine W Epstein,Home Office,Single,Female,1987-02-05,0,,True
227,1636,Prof. Sidney Greenberg,Home Office,Single,Female,1997-12-07,0,,True
228,1639,Doctor. Marvin Rollins,Home Office,Single,Female,1994-02-05,0,,True
229,1644,Doctor. Sam nan Woodward,Small Business,Single,Female,1994-12-07,0,,True
230,1646,Dr. Eugene Brewer Knox,Small Business,Single,Male,1993-02-05,0,,True
231,1648,Dr. Nina nan Bowles,Corporate,Single,Female,1993-02-05,0,,True
232,1649,Professor Roy Hardison,Corporate,Single,Female,1989-02-05,0,,True
234,1650,Dr. Dan Lamm,Corporate,Single,Male,1991-02-05,0,,True
235,1653,Professor Charles Cline,Corporate,Single,Male,1990-02-05,0,,True
236,1665,Dr. Elsie Pridgen,Consumer,Single,Male,1991-02-05,0,,True
238,1670,Prof. Carolyn Bowling,Small Business,Single,Male,1990-02-05,0,,True
239,1671,Professor. Mitchell Ross,Small Business,Single,Female,1987-02-05,0,,True
240,1672,Doctor Sidney Scarborough,Small Business,Single,Female,1990-02-05,0,,True
241,1679,Prof. Jeanne Nguyen,Consumer,Single,Male,1991-12-07,0,,True
242,1680,Doctor. Esther Whitaker,Consumer,Single,Male,1991-12-07,0,,True
243,1682,Professor Julie nan Edwards,Consumer,Single,Female,1998-02-05,0,,True
244,1683,Prof. Wesley nan Corbett,Consumer,Single,Female,1987-02-05,0,,True
245,1686,Doctor. Lynn nan O'Donnell,Corporate,Single,Female,1996-12-07,0,,True
246,1689,Dr. Larry nan Church,Corporate,Single,Female,1995-02-05,0,,True
247,1690,Dr. Neil Bailey,Corporate,Single,Female,1997-02-05,0,,True
248,1692,Professor Rhonda nan Schroeder,Consumer,Single,Female,1989-02-05,0,,True
249,1693,Dr. Melinda Thornton,Consumer,Single,Female,1991-02-05,0,,True
250,1697,Prof. Holly Osborne,Home Office,Single,Male,1989-02-05,0,,True
251,1699,Professor Joseph Hurst,Small Business,Single,Female,1989-02-05,0,,True
254,1702,Professor. Sandra Berry,Home Office,Single,Female,1990-02-05,0,,True
255,1708,Prof. Lillian Day,Small Business,Single,Female,1993-02-05,0,,True
256,1709,Doctor. Dennis Bowen,Small Business,Single,Male,1990-02-05,0,,True
257,1711,Doctor Sharon Long,Corporate,Single,Female,1986-12-07,0,,True
258,1712,Dr. Regina Langley,Corporate,Single,Female,1990-02-05,0,,True
259,1713,Prof. Rosemary Stark,Corporate,Single,Female,1997-02-05,0,,True
260,1718,Professor. Kathy Shah,Consumer,Single,Female,1994-12-07,0,,True
261,1719,Doctor Russell W Melton,Corporate,Single,Female,1994-02-05,0,,True
263,1721,Dr. Jennifer Zimmerman,Corporate,Single,Male,1989-02-05,0,,True
264,1723,Doctor. Constance Flowers,Corporate,Single,Female,1992-02-05,0,,True
265,1725,Dr. Linda Blake,Corporate,Single,Female,1995-02-05,0,,True
266,1727,Professor Juanita Ballard,Small Business,Single,Female,1989-02-05,0,,True
267,1728,Prof. Carrie Lewis,Corporate,Single,Male,1990-02-07,0,,True
268,1730,Prof. Kerry Wilkerson,Small Business,Single,Female,1987-02-05,0,,True
269,1733,Doctor. Nina Horne Kelly,Small Business,Single,Female,1996-02-05,0,,True
270,1734,Dr. Christopher Meadows,Small Business,Single,Female,1991-02-05,0,,True
271,1737,Prof. Danielle Myers,Corporate,Single,Male,1990-02-05,0,,True
272,1738,Professor. Dean Solomon,Corporate,Single,Male,1990-02-05,0,,True
273,1739,Doctor Edna Pierce,Corporate,Single,Male,1991-12-07,0,,True
274,1743,Prof. Paige nan Jacobs,Consumer,Single,Female,1994-02-05,0,,True
275,1745,Dr. Herbert Holden,Consumer,Single,Male,1992-02-05,0,,True
276,1748,Doctor. Helen nan Simpson,Consumer,Single,Male,1988-12-07,0,,True
277,1749,Dr. Sherri P Stephens,Home Office,Single,Female,1987-12-07,0,,True
278,1754,Professor Nelson Hong,Consumer,Single,Female,1998-02-05,0,,True
279,1764,Prof. Michele Bradshaw,Consumer,Single,Female,1996-12-07,0,,True
280,1765,Professor Ralph Woods Scott,Consumer,Single,Female,1990-02-05,0,,True
281,1767,Professor. Robert Rollins,Home Office,Single,Female,1994-02-05,0,,True
282,1771,Prof. Jeff nan Spivey,Home Office,Single,Male,1990-02-05,0,,True
283,1775,Doctor. Marlene nan Kirk,Consumer,Single,Female,1998-02-05,0,,True
284,1776,Dr. Charlotte nan Patterson,Consumer,Single,Male,1989-02-05,0,,True
285,1777,Professor Miriam nan Greenberg,Corporate,Single,Female,1994-12-07,0,,True
286,1778,Prof. Ray nan Oakley,Consumer,Single,Female,1998-02-05,0,,True
287,1781,Dr. Jackie Capps,Home Office,Single,Male,1990-12-07,0,,True
288,1782,Doctor. Lawrence Dennis,Home Office,Single,Female,1991-02-05,0,,True
289,1788,Doctor Valerie Siegel,Consumer,Single,Female,1998-02-05,0,,True
290,1793,Doctor. Derek nan Jernigan,Home Office,Single,Male,1989-12-10,0,,True
291,1802,Dr. Jack Morse,Corporate,Single,Male,1993-02-05,0,,True
292,1808,Professor Joyce Knox,Home Office,Single,Female,1990-02-05,0,,True
293,1814,Mr. Albert Tyson,Home Office,Married,Male,1997-02-05,0,1.0,False
294,1814,Mr. Albert Tyson,Home Office,Divorced,Male,1997-02-05,1,2.0,False
295,1814,Mr. Albert Tyson,Home Office,Remarried,Male,1997-02-05,2,,True
296,1815,Doctor Marvin Yang,Home Office,Single,Female,1995-02-05,0,,True
297,1816,Dr. Danielle nan Schneider,Consumer,Single,Male,1990-02-07,0,,True
298,1818,Professor Ian nan Hall,Consumer,Single,Male,1990-02-05,0,,True
300,1821,Prof. Vanessa Boyer,Consumer,Single,Female,1990-02-05,0,,True
301,1826,Prof. Kate nan Peck,Corporate,Single,Female,1994-02-05,0,,True
302,1827,Doctor. Vincent nan Hale,Corporate,Single,Female,1995-02-05,0,,True
303,1828,Dr. Stacey nan Lucas,Corporate,Single,Female,1994-02-05,0,,True
304,1829,Professor Suzanne nan Cochran,Corporate,Single,Female,1994-02-05,0,,True
305,1836,Prof. Dwight Albright Huffman,Corporate,Single,Male,1991-02-06,0,,True
306,1837,Professor Herbert Williamson,Corporate,Single,Male,1992-02-05,0,,True
307,1840,Doctor. Clifford Webb,Home Office,Single,Female,1991-02-07,0,,True
308,1849,Dr. Michelle Steele,Consumer,Single,Female,1991-02-05,0,,True
310,1852,Dr. Joy Kaplan McNeill,Home Office,Single,Female,1989-02-05,0,,True
311,1854,Dr. Erika Morgan,Home Office,Single,Male,1991-02-05,0,,True
312,1860,Professor Gina B Hess,Home Office,Single,Male,1992-02-05,0,,True
313,1869,Doctor. Roberta Daniel,Consumer,Single,Female,1994-12-07,0,,True
314,1873,Prof. Lisa Kim,Corporate,Single,Female,1999-02-05,0,,True
315,1875,Professor. Martin Kirk,Consumer,Single,Female,1987-02-05,0,,True
316,1882,Prof. Anita Kent,Home Office,Married,Female,1991-02-09,0,,True
317,1885,Doctor. Jacob Hirsch,Home Office,Single,Male,1992-02-05,0,,True
318,1889,Dr. Oscar Bowers,Home Office,Single,Female,1988-02-05,0,,True
322,1891,Professor Gretchen Levine,Home Office,Single,Male,1991-12-07,0,,True
323,1893,Prof. Melanie nan Burgess,Consumer,Single,Female,1997-12-07,0,,True
324,1894,Doctor. Maureen Herbert Hood,Consumer,Single,Female,1993-02-05,0,,True
326,1906,Prof. Penny Tuttle,Corporate,Single,Female,1994-02-05,0,,True
327,1907,Doctor. Amy Hall,Corporate,Married,Female,1998-02-06,0,,True
329,1910,Doctor Sean Stephenson,Home Office,Single,Female,1991-02-05,0,,True
330,1916,Dr. Marcia Feldman,Home Office,Single,Female,1987-02-05,0,,True
331,1917,Prof. Tracy Buckley,Home Office,Single,Female,1986-12-07,0,,True
332,1918,Professor. Hannah Tyson,Home Office,Single,Male,1990-02-05,0,,True
333,1919,Doctor Nathan Jenkins,Home Office,Single,Female,1998-02-05,0,,True
335,1927,Dr. Earl Alston,Home Office,Single,Male,1990-12-08,0,,True
336,1928,Prof. Gregory R Snow,Home Office,Single,Male,1992-02-05,0,,True
337,1933,Dr. William nan Crawford,Corporate,Single,Female,1995-02-05,0,,True
338,1934,Professor Scott nan Moore,Home Office,Single,Female,1990-12-07,0,,True
339,1935,Prof. Diana Coble Hubbard,Home Office,Single,Male,1992-02-05,0,,True
340,1938,Doctor. Franklin nan Spencer,Corporate,Single,Male,1991-02-05,0,,True
342,1940,Prof. Eileen McDonald,Corporate,Single,Male,1991-12-07,0,,True
343,1946,Dr. Teresa Wallace,Consumer,Single,Female,1994-02-05,0,,True
344,1949,Professor Dana Waller,Small Business,Single,Male,1990-12-08,0,,True
346,1950,Dr. Leslie Shannon,Small Business,Single,Female,1996-02-05,0,,True
347,1956,Doctor. Justin Frank,Consumer,Single,Female,1995-02-05,0,,True
348,1957,Dr. Ted nan Crowder,Consumer,Single,Female,1997-02-05,0,,True
349,1958,Prof. Vickie Martinez,Consumer,Single,Female,1997-02-05,0,,True
350,1959,Professor. Bonnie Matthews Rowland,Home Office,Single,Male,1992-02-05,0,,True
351,1962,Professor Sean nan Burton,Home Office,Single,Female,1993-02-05,0,,True
352,1967,Prof. Carolyn nan Hoffman,Small Business,Single,Male,1990-02-06,0,,True
353,1971,Doctor Marsha Roy,Corporate,Single,Female,1990-02-05,0,,True
354,1972,Professor Priscilla Brandon,Corporate,Single,Female,1997-02-05,0,,True
355,1974,Doctor. Robert nan Brantley,Consumer,Single,Female,1990-02-05,0,,True
356,1976,Dr. Sherri F Vogel,Consumer,Single,Female,1997-02-05,0,,True
357,1979,Professor Marianne Weiner Ennis,Corporate,Single,Female,1990-02-05,0,,True
359,1984,Dr. Lynne Wilcox,Consumer,Single,Female,1988-02-05,0,,True
360,1986,Professor Lynda nan Rosenthal,Home Office,Single,Female,1990-02-05,0,,True
361,1988,Dr. Anna Burgess,Home Office,Married,Female,1990-12-07,0,,True
362,1989,Doctor. David Weaver,Home Office,Single,Male,1993-02-05,0,,True
364,1991,Prof. Paula Hubbard,Home Office,Single,Female,1992-02-05,0,,True
365,1997,Prof. Harriet Bowman,Consumer,Single,Male,1994-02-05,0,,True
366,1998,Prof. Judy Frazier,Corporate,Single,Female,1996-02-05,0,,True
368,2004,Professor James Dickinson Ball,Home Office,Single,Male,1990-02-05,0,,True
369,2006,Dr. Cynthia Khan,Home Office,Single,Male,1990-02-06,0,,True
370,2014,Prof. Cathy nan Simon,Home Office,Single,Male,1991-02-05,0,,True
371,2016,Doctor. Wayne nan Bean,Corporate,Single,Female,1991-02-05,0,,True
372,2020,Doctor. Erika Jordan,Home Office,Single,Male,1989-12-07,0,,True
374,2030,Dr. Lindsay nan O'Connell,Corporate,Single,Female,1990-02-05,0,,True
375,2035,Professor. Jon Ward,Consumer,Single,Female,1990-02-05,0,,True
376,2037,Doctor. Lynda Herman,Small Business,Single,Female,1988-02-05,0,,True
377,2038,Dr. Peter Adams,Small Business,Single,Female,1995-02-05,0,,True
378,2044,Doctor Jay Simon,Corporate,Single,Male,1992-02-05,0,,True
379,2046,Professor Eileen nan Schwartz,Corporate,Single,Male,1994-02-05,0,,True
380,2049,Dr. Kenneth Pollock,Corporate,Single,Female,1996-02-05,0,,True
381,2052,Prof. Francis Kendall,Home Office,Single,Male,1991-02-05,0,,True
382,2058,Prof. Louise Webster Sharma,Corporate,Single,Female,1991-02-05,0,,True
383,2059,Professor. Nathan Newton,Corporate,Single,Female,1988-02-05,0,,True
384,2061,Prof. Marianne nan Carey,Corporate,Single,Female,1986-12-07,0,,True
385,2062,Mr. Alfred Singh,Corporate,Divorced,Male,1997-12-07,0,1.0,False
386,2062,Mr. Alfred Singh,Corporate,Remarried,Male,1997-12-07,1,2.0,False
387,2062,Mr. Alfred Singh,Corporate,Single,Male,1997-12-07,2,,True
388,2063,Prof. Todd D Norris,Corporate,Single,Female,1998-02-05,0,,True
389,2066,Professor. Claudia Webb,Corporate,Single,Female,1991-02-05,0,,True
390,2069,Doctor Elsie Boykin,Consumer,Single,Male,1992-02-05,0,,True
391,2070,Doctor. Kelly nan Collins,Corporate,Single,Female,1998-02-05,0,,True
392,2071,Dr. Victor nan Cherry,Corporate,Single,Female,1988-02-05,0,,True
393,2072,Professor Malcolm S Lanier,Corporate,Single,Female,1995-02-05,0,,True
394,2073,Prof. Evan nan Kelley,Consumer,Single,Male,1991-12-07,0,,True
395,2081,Professor Matthew Conway,Corporate,Single,Female,1990-02-05,0,,True
396,2089,Prof. Annie Odom,Corporate,Married,Female,1991-02-05,0,,True
397,2094,Professor Vernon Hirsch Singleton,Corporate,Single,Female,1995-12-07,0,,True
398,2097,Dr. Patsy Shea,Home Office,Single,Female,1987-02-05,0,,True
399,2098,Prof. Tracy Dyer,Home Office,Single,Female,1986-12-07,0,,True
400,2099,Professor. Nathan Fox,Home Office,Single,Female,1997-02-05,0,,True
401,2107,Doctor. Leigh Burnette Hurley,Corporate,Single,Female,1996-02-05,0,,True
402,2108,Mr. Alfred nan Barber,Corporate,Single,Male,1998-02-05,0,1.0,False
403,2108,Mr. Alfred nan BARBER,Corporate,Married,Male,1998-02-05,1,2.0,False
404,2108,Mr. Alfred nan Barber,Corporate,Divorced,Male,1998-02-05,2,,True
406,2114,Doctor Paige Mason,Corporate,Single,Female,1998-02-05,0,,True
407,2115,Dr. Jeffrey Lloyd,Corporate,Single,Male,1991-12-07,0,,True
408,2117,Professor Jack nan Hatcher,Home Office,Single,Male,1992-02-05,0,,True
410,2122,Prof. Carolyn Fisher,Consumer,Single,Male,1990-02-06,0,,True
411,2124,Professor. Paige Powers,Corporate,Single,Female,1986-12-07,0,,True
412,2127,Prof. Joyce nan Kern,Home Office,Single,Female,1989-02-05,0,,True
413,2131,Doctor. Mary nan Hewitt,Home Office,Single,Female,1995-12-07,0,,True
414,2132,Dr. Philip nan Hawkins,Home Office,Single,Female,1988-02-05,0,,True
415,2135,Dr. Melvin Kendall,Home Office,Single,Female,1997-02-05,0,,True
416,2137,Doctor Crystal Crabtree,Corporate,Single,Male,1991-02-06,0,,True
417,2139,Professor Jon nan Kendall,Corporate,Single,Female,1989-02-05,0,,True
418,2141,Doctor. Molly Webster,Home Office,Single,Female,1996-02-05,0,,True
419,2143,Dr. Lester Sawyer,Home Office,Single,Female,1988-02-05,0,,True
420,2145,Prof. Kerry Hardy,Corporate,Single,Female,1996-12-07,0,,True
421,2146,Professor. Courtney Boyd,Corporate,Single,Male,1992-02-07,0,,True
422,2151,Prof. Melinda nan Rogers,Corporate,Single,Female,1989-02-05,0,,True
423,2157,Doctor. Tom Hoyle Honeycutt,Home Office,Single,Female,1989-12-07,0,,True
424,2159,Dr. Wesley nan Field,Corporate,Single,Female,1988-02-05,0,,True
425,2162,Doctor. Brenda Jain,Corporate,Single,Male,1990-02-05,0,,True
426,2164,Prof. Harry Sellers,Small Business,Single,Male,1990-02-05,0,,True
427,2165,Dr. Melanie Knight,Small Business,Single,Female,1986-02-05,0,,True
428,2178,Professor Judy Hall,Small Business,Single,Female,1997-02-05,0,,True
429,2183,Doctor Sheryl Reese,Home Office,Single,Female,1991-02-05,0,,True
430,2187,Professor Joanne nan Spivey,Corporate,Single,Female,1990-02-05,0,,True
431,2189,Prof. Frank Cross,Corporate,Single,Male,1989-02-05,0,,True
433,2190,Prof. Marvin nan Patrick,Home Office,Single,Female,1992-02-05,0,,True
434,2193,Dr. Donald Melton,Home Office,Single,Male,1990-02-05,0,,True
435,2196,Doctor. Gene Heath Cross,Small Business,Single,Male,1993-02-05,0,,True
436,2197,Dr. Karen O'Donnell,Small Business,Single,Female,1993-12-07,0,,True
437,2198,Professor Lester Woodward Maynard,Small Business,Single,Female,1990-02-05,0,,True
439,2201,Doctor. David nan Hoyle,Small Business,Single,Male,1989-12-09,0,,True
440,2202,Dr. Laurie nan Howe,Home Office,Single,Female,1998-02-05,0,,True
441,2203,Professor Eddie nan Walker,Home Office,Single,Male,1993-02-05,0,,True
442,2204,Prof. Oscar nan Ford,Consumer,Single,Female,1989-12-07,0,,True
443,2206,Doctor. Bobby nan Powell,Consumer,Single,Male,1990-02-05,0,,True
444,2209,Prof. Sharon Thomas,Home Office,Single,Female,1990-02-05,0,,True
445,2211,Prof. Anita Hahn,Home Office,Married,Female,1991-02-06,0,,True
446,2212,Doctor. Stacy Chang,Home Office,Single,Female,1996-02-05,0,,True
447,2215,Dr. Christopher High,Corporate,Single,Female,1991-02-11,0,,True
448,2216,Professor Clara Kaplan,Corporate,Single,Female,1990-02-05,0,,True
449,2220,Professor. Jennifer Stanton,Consumer,Single,Male,1992-12-07,0,,True
450,2225,Professor Sean McKenna,Small Business,Single,Female,1994-12-07,0,,True
451,2240,Doctor Maurice Kelly,Corporate,Single,Female,1986-02-05,0,,True
452,2250,Prof. Alvin Hoover,Home Office,Married,Male,1994-12-07,0,,True
453,2254,Dr. Jeff Meadows,Corporate,Single,Male,1992-02-05,0,,True
454,2256,Prof. Lloyd Levin,Corporate,Single,Female,1995-12-07,0,,True
455,2257,Professor. Bernard Thompson,Corporate,Single,Male,1995-02-08,0,,True
456,2258,Doctor Nicole Pope,Corporate,Single,Female,1999-02-05,0,,True
457,2260,Dr. Geoffrey H Wong,Corporate,Single,Male,1992-02-05,0,,True
458,2265,Dr. James nan Davenport,Corporate,Single,Male,1993-02-05,0,,True
459,2266,Professor Brandon nan Beach,Corporate,Single,Male,1990-02-05,0,,True
460,2268,Prof. Carlos Adkins,Small Business,Single,Male,1989-12-09,0,,True
461,2270,Professor. Kristine Holden,Small Business,Single,Female,1996-02-05,0,,True
462,2272,Prof. Brett nan Ingram,Corporate,Single,Male,1990-02-08,0,,True
463,2273,Doctor. Debra nan Block,Corporate,Single,Male,1990-02-05,0,,True
464,2274,Dr. Marlene nan Harrison,Corporate,Single,Female,1996-12-07,0,,True
465,2276,Doctor. Dennis Block Richardson,Consumer,Single,Male,1990-02-11,0,,True
466,2279,Dr. Lucille McGee,Home Office,Single,Female,1995-02-05,0,,True
467,2281,Professor Monica nan Harvey,Home Office,Single,Female,1997-02-05,0,,True
468,2282,Prof. Jimmy nan Waters,Home Office,Single,Male,1990-02-05,0,,True
469,2283,Doctor. Nancy nan Holden,Home Office,Single,Female,1993-02-05,0,,True
470,2285,Doctor Arnold Floyd Blair,Corporate,Married,Male,1993-02-06,0,,True
471,2286,Dr. Larry Langston,Corporate,Single,Female,1993-02-05,0,,True
472,2287,Prof. Samuel Newman,Corporate,Single,Female,1989-02-05,0,,True
473,2289,Dr. Ryan nan Herman,Home Office,Single,Female,1986-12-07,0,,True
475,2290,Professor Glen nan Robertson,Corporate,Single,Male,1992-02-05,0,,True
476,2302,Professor. Beth Dolan,Corporate,Single,Female,1990-12-07,0,,True
477,2303,Professor Joe Baldwin,Corporate,Single,Female,1991-12-07,0,,True
478,2305,Prof. Pat nan Kinney,Small Business,Single,Female,1989-02-05,0,,True
479,2308,Doctor Laurence Cummings,Small Business,Single,Female,1988-02-05,0,,True
480,2323,Dr. Emma Buckley,Small Business,Single,Male,1991-02-05,0,,True
481,2330,Doctor. Kara nan Foster,Home Office,Single,Female,1998-02-05,0,,True
482,2333,Dr. Megan nan Woods,Small Business,Single,Female,1995-12-07,0,,True
483,2334,Professor Stephanie nan Hawkins,Home Office,Single,Female,1990-02-05,0,,True
484,2338,Prof. Lynn Hines,Home Office,Single,Female,1994-02-05,0,,True
485,2339,Prof. Gordon nan Boswell,Home Office,Single,Male,1991-02-05,0,,True
487,2345,Dr. Colleen Marsh,Corporate,Single,Female,1989-12-07,0,2.0,False
488,2345,Mrs. Keerthiga Bharathan,Consumer,Married,Male,1997-02-05,2,,True
489,2346,Prof. Sylvia Kumar,Corporate,Single,Female,1996-12-07,0,,True
491,2351,Doctor. Faye Silver,Corporate,Single,Male,1993-02-05,0,,True
492,2352,Dr. Kerry Beach,Home Office,Single,Female,1993-12-07,0,,True
493,2353,Professor Patrick Lowry,Corporate,Single,Female,1997-02-05,0,,True
494,2355,Doctor. Clyde Burnett,Consumer,Single,Female,1989-12-07,0,,True
495,2356,Prof. Emma Bloom,Consumer,Single,Male,1992-12-07,0,,True
496,2358,Professor. Danielle Baird,Home Office,Single,Male,1990-02-05,0,,True
497,2359,Doctor Annie Horne,Home Office,Married,Female,1990-02-06,0,,True
498,2363,Prof. Jacob Murray,Home Office,Single,Male,1992-12-07,0,,True
499,2369,Dr. Mike G Hartman,Consumer,Single,Female,1992-02-05,0,,True
501,2372,Doctor. Marvin nan Parrott,Corporate,Single,Female,1990-02-05,0,,True
502,2376,Professor Debra Batchelor,Corporate,Single,Male,1990-02-05,0,,True
503,2379,Dr. Mildred nan Briggs,Small Business,Single,Female,1997-02-05,0,,True
504,2380,Professor Lisa nan Branch,Small Business,Single,Female,1997-02-05,0,,True
505,2382,Doctor. Geoffrey Saunders,Small Business,Single,Male,1993-02-05,0,,True
506,2385,Dr. Janice Frye,Small Business,Single,Male,1988-12-07,0,,True
507,2391,Dr. Jacob McNeill,Corporate,Single,Male,1992-02-05,0,,True
508,2393,Prof. Debbie Dillon,Corporate,Single,Male,1989-12-07,0,,True
509,2394,Professor. Tina Monroe,Corporate,Single,Female,1997-02-05,0,,True
510,2395,Doctor Beverly Roberts,Corporate,Single,Female,1990-02-08,0,,True
511,2398,Prof. Julian F Wolfe,Corporate,Single,Female,1992-02-05,0,,True
513,2417,Dr. Ken H Frazier,Consumer,Single,Female,1993-02-05,0,,True
514,2418,Prof. Kyle Fink,Consumer,Single,Female,1993-02-05,0,,True
515,2419,Professor. Sandra Faulkner,Consumer,Single,Female,1992-02-05,0,,True
517,2420,Doctor Wesley Cho,Consumer,Single,Female,1998-02-05,0,,True
518,2422,Doctor. Arlene Wiggins Dalton,Home Office,Married,Male,1993-02-05,0,,True
519,2423,Dr. Nicholas nan Wallace,Home Office,Single,Female,1986-02-05,0,,True
520,2426,Professor Dorothy nan Holt,Small Business,Single,Male,1990-12-07,0,,True
521,2427,Prof. John nan Merritt,Corporate,Single,Female,1992-02-05,0,,True
522,2430,Doctor. Kimberly nan Reilly,Home Office,Single,Female,1996-02-05,0,,True
523,2431,Doctor. Troy Cassidy,Consumer,Single,Female,1994-02-05,0,,True
524,2432,Dr. Lindsay nan Tate,Consumer,Single,Female,1994-02-05,0,,True
525,2433,Professor Debra P May,Consumer,Single,Male,1990-02-06,0,,True
526,2437,Prof. Judith nan Shepherd,Home Office,Single,Female,1992-02-05,0,,True
527,2441,Dr. Kenneth Capps,Consumer,Single,Female,1993-12-07,0,,True
528,2442,Prof. Natalie Aldridge,Consumer,Single,Female,1994-02-05,0,,True
529,2443,Professor. Danny Richmond,Corporate,Single,Male,1990-02-05,0,,True
530,2448,Doctor. Melanie nan Morrow,Consumer,Single,Female,1987-02-05,0,,True
531,2450,Dr. Tonya nan Miller,Home Office,Single,Female,1995-02-05,0,,True
532,2454,Doctor Donna Braun,Corporate,Single,Male,1990-02-05,0,,True
533,2456,Dr. Joan Beach,Home Office,Single,Female,1991-12-07,0,,True
534,2457,Professor Yvonne nan Collier,Home Office,Single,Female,1991-02-05,0,,True
535,2458,Prof. Troy nan Casey,Home Office,Single,Female,1992-02-05,0,,True
536,2460,Professor Lucille Gibbons,Home Office,Single,Female,1994-02-05,0,,True
537,2464,Prof. Joe George,Consumer,Single,Female,1992-02-05,0,,True
538,2466,Doctor. Gilbert nan Godfrey,Corporate,Single,Male,1992-02-05,0,,True
539,2468,Professor. Rhonda Stein,Corporate,Single,Female,1991-02-05,0,,True
540,2472,Dr. Ricky nan Sanders,Home Office,Single,Female,1998-02-05,0,,True
542,2481,Doctor Kelly Sawyer,Corporate,Single,Female,1990-02-05,0,,True
543,2484,Dr. Rhonda Bryant,Corporate,Single,Female,1997-02-05,0,,True
544,2486,Prof. Jack Horn,Small Business,Single,Male,1991-12-07,0,,True
545,2487,Professor. Michelle Bryant Phillips,Small Business,Single,Female,1988-12-07,0,,True
546,2488,Doctor Gordon Walker,Consumer,Single,Male,1990-02-05,0,,True
547,2489,Prof. Craig Liu,Home Office,Single,Male,1991-02-05,0,,True
548,2490,Professor Pauline Finch,Home Office,Single,Female,1998-02-05,0,,True
549,2491,Dr. Sean N Boyer,Consumer,Single,Female,1992-02-05,0,,True
550,2495,Doctor. Maria Block,Consumer,Single,Female,1995-02-05,0,,True
551,2498,Prof. Arlene Long,Small Business,Married,Male,1992-02-05,0,,True
552,2499,Professor Geoffrey nan Koch,Corporate,Single,Male,1992-12-07,0,,True
554,2500,Prof. Kevin nan Smith,Small Business,Single,Female,1987-12-07,0,,True
555,2502,Doctor. Toni Owens Poe,Home Office,Single,Female,1997-02-05,0,,True
556,2506,Mr. Alfred Harmon,Home Office,Divorced,Male,1998-02-05,0,1.0,False
557,2506,Mr. AlfRed HarMON,Home Office,Remarried,Male,1998-02-05,1,2.0,False
558,2506,Mr. Alfred Harmon,Home Office,Single,Male,1998-02-05,2,,True
559,2507,Doctor. Jeanette Davies,Home Office,Single,Male,1991-02-05,0,,True
560,2508,Dr. Pauline Brooks,Home Office,Single,Female,1994-02-05,0,,True
561,2509,Professor Sidney Larson,Home Office,Single,Female,1986-02-05,0,,True
563,2512,Prof. Frances Holt,Home Office,Single,Male,1990-02-05,0,,True
564,2516,Doctor. Leo E Underwood,Home Office,Single,Female,1997-02-05,0,,True
565,2520,Dr. Sandy Mueller,Home Office,Single,Female,1990-02-05,0,,True
566,2521,Dr. Shawn nan Meyer,Home Office,Single,Female,1993-02-05,0,,True
567,2522,Professor Harriet Wooten,Home Office,Single,Male,1990-02-05,0,,True
568,2526,Dr. Derek Sweeney,Corporate,Single,Male,1990-02-10,0,,True
569,2527,Prof. Gretchen Orr,Corporate,Single,Male,1991-02-05,0,,True
570,2530,Professor Janet Zhang,Small Business,Single,Male,1989-02-05,0,,True
571,2531,Dr. Rick Houston,Small Business,Single,Female,1989-02-05,0,,True
572,2534,Prof. Mitchell Goldberg,Small Business,Single,Female,1998-02-05,0,,True
573,2539,Professor. Max Hubbard,Home Office,Single,Female,1987-02-05,0,,True
574,2540,Doctor Helen Ferguson,Home Office,Single,Male,1990-02-05,0,,True
575,2543,Dr. Josephine Dalton,Small Business,Single,Female,1991-02-05,0,,True
576,2545,Prof. Rick Ellis,Home Office,Single,Female,1987-02-05,0,,True
577,2547,Professor. Edna Freeman,Small Business,Single,Male,1991-02-05,0,,True
578,2548,Doctor. Wayne Bass,Small Business,Single,Female,1990-02-05,0,,True
579,2549,Doctor. Martha Bowers,Small Business,Single,Female,1999-02-05,0,,True
581,2551,Dr. Joan Bowers,Small Business,Single,Female,1993-02-05,0,,True
582,2553,Professor Virginia nan McNeill,Home Office,Single,Female,1998-02-05,0,,True
583,2555,Prof. Karl nan Knowles,Home Office,Single,Female,1998-02-05,0,,True
584,2561,Professor Laurie Moon,Consumer,Single,Female,1987-12-07,0,,True
585,2563,Doctor. Karen nan Warren,Home Office,Single,Female,1995-02-05,0,,True
587,2570,Prof. Yvonne Stephens,Consumer,Single,Female,1998-12-07,0,,True
588,2571,Prof. Rosemary O'Brien,Consumer,Single,Female,1995-12-07,0,,True
589,2578,Doctor Kent Gill,Home Office,Single,Female,1987-12-07,0,,True
590,2579,Dr. Marshall Sutherland,Home Office,Single,Female,1994-12-07,0,,True
591,2583,Dr. Wendy Pridgen Pearce,Home Office,Single,Female,1997-02-05,0,,True
592,2584,Professor Seth nan Matthews,Home Office,Single,Female,1992-02-05,0,,True
593,2587,Prof. Eugene H Walsh,Home Office,Single,Male,1989-12-07,0,,True
595,2593,Prof. Anne Schultz,Corporate,Married,Female,1990-02-05,0,,True
597,2601,Doctor. Malcolm French,Corporate,Single,Female,1990-02-05,0,,True
598,2603,Dr. Penny Leach,Corporate,Single,Female,1990-02-05,0,,True
599,2604,Professor Gina Curry,Corporate,Single,Male,1993-02-05,0,,True
600,2610,Professor Tommy Lutz,Corporate,Single,Female,1995-02-05,0,,True
601,2613,Prof. Anthony Stanley,Corporate,Married,Male,1991-02-08,0,,True
602,2616,Doctor. Laurence nan Hull,Corporate,Single,Female,1990-02-05,0,,True
603,2617,Dr. Gerald nan Crabtree,Corporate,Single,Male,1989-02-05,0,,True
604,2618,Doctor. Amy Hamrick Melvin,Corporate,Married,Female,1996-02-05,0,,True
605,2619,Professor Brandon E Shepherd,Corporate,Single,Male,1990-02-05,0,,True
606,2620,Professor. Phyllis Little,Corporate,Single,Female,1994-02-05,0,,True
607,2621,Doctor Robyn Hayes,Corporate,Single,Female,1993-02-05,0,,True
608,2626,Dr. Lillian Fischer,Consumer,Single,Female,1994-02-05,0,,True
609,2628,Prof. Danielle P Rao,Corporate,Single,Male,1990-02-06,0,,True
610,2630,Doctor. Betsy nan Puckett,Small Business,Single,Female,1992-02-05,0,,True
611,2638,Doctor. ALICIA WoOd ShaH,Consumer,Married,Female,1998-02-05,0,,True
612,2639,Prof. Marianne Connor,Consumer,Single,Female,1988-02-05,0,,True
614,2647,Professor Teresa Bishop,Corporate,Single,Female,1990-12-07,0,,True
615,2649,Dr. Leo J Olson,Corporate,Single,Female,1998-02-05,0,,True
616,2650,Professor Joanne Chu,Corporate,Single,Female,1992-02-05,0,,True
617,2652,Dr. Brenda Ross,Consumer,Single,Male,1990-02-06,0,,True
618,2653,Dr. Leo nan Kane,Consumer,Single,Female,1986-12-07,0,,True
619,2655,Dr. Benjamin Lam,Corporate,Single,Male,1995-02-05,0,,True
620,2660,Prof. Jeffrey Page,Small Business,Single,Male,1989-02-05,0,,True
621,2667,Doctor. Pat Baker,Home Office,Single,Female,1997-02-05,0,,True
622,2668,Professor Carlos nan Hanson,Home Office,Divorced,Male,1991-02-05,0,,True
624,2670,Doctor. Yvonne Mann,Home Office,Single,Female,1995-02-05,0,,True
625,2671,Prof. Lloyd Fuller,Home Office,Single,Female,1994-02-05,0,,True
626,2677,Professor. Geoffrey Rivera,Small Business,Single,Male,1990-02-05,0,,True
627,2684,Doctor Edna Michael,Small Business,Single,Male,1993-02-05,0,,True
628,2685,Dr. Kathryn Wolfe,Small Business,Single,Female,1993-02-05,0,,True
629,2689,Professor Marlene Gray,Home Office,Single,Female,1996-02-05,0,,True
631,2693,Prof. Lloyd Cannon,Home Office,Single,Female,1987-02-05,0,,True
632,2696,Dr. Sally Dunn,Home Office,Single,Female,1987-12-07,0,,True
633,2697,Prof. Ricky W Clements,Corporate,Single,Female,1987-02-05,0,,True
634,2699,Prof. Marcia Greenberg,Corporate,Single,Female,1987-12-07,0,,True
636,2704,Professor. Juan Gold,Consumer,Single,Female,1991-02-05,0,,True
637,2709,Doctor. Stanley Steele,Consumer,Single,Female,1986-12-07,0,,True
638,2713,Prof. Lynda nan Banks,Corporate,Single,Female,1986-12-07,0,,True
639,2715,Doctor. Becky nan Farmer,Corporate,Single,Male,1993-02-07,0,,True
640,2718,Dr. Caroline nan Stone,Consumer,Divorced,Male,1991-02-06,0,,True
642,2720,Doctor Donna Block,Small Business,Single,Male,1989-02-05,0,,True
643,2724,Dr. Erika Clapp,Home Office,Single,Male,1992-02-05,0,,True
644,2725,Prof. Katharine Hudson,Home Office,Single,Female,1996-02-05,0,,True
645,2729,Professor Penny O Caldwell,Consumer,Single,Female,1990-12-07,0,,True
647,2737,Dr. Rachel Bates,Small Business,Single,Female,1987-02-05,0,,True
648,2738,Professor Sherri Kramer,Small Business,Single,Female,1998-02-05,0,,True
649,2741,Dr. Megan York,Small Business,Single,Female,1997-02-05,0,,True
650,2745,Doctor. Arnold GAY,Corporate,Married,Male,1992-12-09,0,,True
651,2747,Prof. Brian Grady,Corporate,Single,Male,1989-12-07,0,,True
652,2750,Professor. Allen Nash,Small Business,Married,Male,1995-02-05,0,,True
654,2760,Doctor. Evan Adkins,Corporate,Single,Male,1990-02-05,0,,True
655,2764,Dr. Arnold Johnson,Corporate,Married,Male,1993-02-08,0,,True
656,2765,Professor Tracy Schultz,Corporate,Single,Female,1990-02-05,0,,True
658,2770,Doctor Joel Burnette,Corporate,Single,Female,1989-02-05,0,,True
659,2771,Dr. Kevin Wolfe,Corporate,Single,Female,1989-02-05,0,,True
660,2773,Prof. Christina Zhu,Corporate,Divorced,Female,1991-02-09,0,,True
661,2775,Professor Theodore nan Rubin,Consumer,Single,Female,1987-02-05,0,,True
662,2776,Prof. April Henson,Consumer,Married,Male,1990-02-05,0,,True
663,2778,Prof. Alison Jones,Consumer,Married,Male,1998-02-05,0,,True
664,2779,Professor. Jacob Burgess,Corporate,Single,Male,1991-02-05,0,,True
665,2781,Professor Kelly Byers,Consumer,Single,Female,1997-02-05,0,,True
666,2787,Doctor Rodney Kearney,Consumer,Single,Female,1992-02-05,0,,True
667,2791,Prof. Dawn nan Larson,Corporate,Single,Male,1993-02-07,0,,True
668,2794,Doctor. Connie nan Bunn,Corporate,Divorced,Female,1990-02-05,0,,True
669,2795,Dr. Harry nan Burns,Corporate,Single,Male,1993-02-05,0,,True
670,2796,Professor Cindy nan McLeod,Corporate,Divorced,Female,1990-02-06,0,,True
671,2797,Doctor. Cameron Kendall,Corporate,Divorced,Male,1990-02-05,0,,True
673,2801,Dr. Jimmy Wang,Home Office,Married,Male,1989-02-05,0,,True
674,2803,Doctor. Catherine Dorsey Burnett,Small Business,Divorced,Male,1990-02-05,0,,True
675,2813,Dr. Marjorie Burnette,Corporate,Single,Female,1991-02-05,0,,True
676,2817,Dr. Paul W French,Corporate,Single,Female,1991-02-05,0,,True
677,2823,Prof. Max Hurley,Corporate,Single,Female,1988-02-05,0,,True
678,2825,Professor Carole Rosen,Consumer,Divorced,Male,1990-02-05,0,,True
679,2828,Dr. Monica Howard,Corporate,Single,Female,1998-02-05,0,,True
681,2833,Prof. Tim nan Connolly,Small Business,Single,Female,1989-02-05,0,,True
682,2837,Doctor. Leslie nan Hawley,Home Office,Single,Female,1993-02-05,0,,True
684,2840,Prof. Bob Berg,Corporate,Single,Male,1992-02-05,0,,True
685,2847,Professor. Vanessa Day,Corporate,Single,Female,1993-02-05,0,,True
686,2848,Doctor Eileen Dalton,Corporate,Married,Male,1992-02-05,0,,True
687,2851,Dr. Annie nan Sherrill,Consumer,Married,Female,1991-02-06,0,,True
688,2855,Doctor. Vicki Womble,Consumer,Single,Female,1989-02-05,0,,True
689,2858,Dr. Jerry Webster,Corporate,Married,Male,1993-02-05,0,,True
690,2859,Prof. Brad H Blake,Corporate,Single,Male,1992-02-07,0,,True
691,2861,Professor Dwight nan Robinson,Corporate,Widowed,Male,1991-02-07,0,,True
692,2862,Prof. Carrie nan High,Corporate,Divorced,Male,1989-12-08,0,,True
693,2865,Doctor. Roberta nan Mitchell,Corporate,Single,Female,1997-02-05,0,,True
694,2867,Professor Dana Teague,Corporate,Widowed,Male,1991-02-05,0,,True
695,2868,Prof. Eugene Clayton,Corporate,Married,Male,1991-02-05,0,,True
697,2873,Professor. Benjamin Gunter,Small Business,Single,Male,1993-12-07,0,,True
698,2874,Dr. Marian nan Willis,Home Office,Single,Female,1994-02-05,0,,True
699,2877,Prof. Shannon Aldridge,Consumer,Single,Female,1994-02-05,0,,True
700,2878,Professor Susan Carroll Berman,Consumer,Single,Female,1990-02-05,0,,True
701,2880,Doctor Grace Black,Small Business,Married,Male,1991-12-07,0,,True
702,2882,Dr. Andrew Gonzalez,Consumer,Married,Male,1996-02-05,0,,True
703,2883,Doctor. Stuart Sharma,Consumer,Single,Female,1988-02-05,0,,True
704,2884,Dr. Stuart C Robinson,Consumer,Single,Female,1987-02-05,0,,True
706,2892,Professor Benjamin nan Porter,Consumer,Single,Male,1994-12-08,0,,True
707,2893,Prof. Kathryn nan Tate,Consumer,Single,Female,1992-02-05,0,,True
708,2896,Doctor. Anna nan Ellis,Home Office,Married,Female,1990-02-05,0,,True
709,2897,Dr. Betty nan Giles,Home Office,Single,Female,1990-02-05,0,,True
710,2903,Professor Frances Powers,Small Business,Married,Male,1989-12-07,0,,True
711,2908,Prof. Robyn Lyon,Home Office,Single,Female,1997-02-05,0,,True
713,2912,Professor Hannah nan Carver,Home Office,Married,Male,1990-02-05,0,,True
714,2920,Prof. Ernest nan Peele,Home Office,Married,Male,1990-02-05,0,,True
715,2923,Doctor. Lynne Griffith,Consumer,Single,Female,1986-02-05,0,,True
716,2924,Dr. Courtney Nelson,Consumer,Divorced,Male,1990-02-05,0,,True
717,2928,Prof. Leslie Woodard,Consumer,Single,Female,1998-02-05,0,,True
718,2931,Dr. Faye Hanna,Small Business,Married,Male,1989-02-05,0,,True
719,2932,Professor Phyllis Hull,Small Business,Single,Female,1993-02-05,0,,True
720,2935,Prof. Shirley Riley,Small Business,Single,Female,1992-02-05,0,,True
721,2938,Doctor. Laurie Case Daniel,Small Business,Single,Female,1994-02-05,0,,True
722,2941,Dr. Leah Pollock,Small Business,Single,Female,1988-02-05,0,,True
723,2944,Doctor. Elsie nan Lane,Corporate,Married,Male,1990-02-05,0,,True
724,2947,Professor Kathy Turner,Consumer,Single,Female,1996-02-05,0,,True
725,2951,Dr. Jordan nan Womble,Corporate,Married,Female,1989-12-07,0,,True
726,2952,Prof. Thelma Murray,Corporate,Single,Female,1998-02-05,0,,True
727,2954,Professor William nan Sharma,Consumer,Single,Female,1996-12-07,0,,True
728,2957,Prof. Francis I Davis,Corporate,Married,Male,1993-02-05,0,,True
729,2958,Doctor. Ellen nan Sparks,Corporate,Married,Male,1991-02-05,0,,True
730,2960,Professor. Allan Dickinson,Corporate,Married,Male,1995-02-05,0,,True
731,2962,Doctor. Leonard Strauss,Consumer,Single,Female,1989-02-05,0,,True
732,2963,Doctor. Frances Johnson,Consumer,Married,Male,1989-02-05,0,,True
733,2964,Dr. Kathy Hinton,Consumer,Single,Female,1994-02-05,0,,True
734,2968,Doctor Miriam Bowman,Small Business,Single,Female,1992-02-05,0,,True
735,2973,Dr. Sally nan Liu,Home Office,Single,Female,1992-02-05,0,,True
736,2976,Professor Fred nan Barber,Small Business,Married,Male,1992-02-05,0,,True
737,2979,Prof. Lloyd nan Dolan,Corporate,Single,Female,1993-02-05,0,,True
738,2980,Professor Joanna Kenney,Corporate,Married,Female,1992-02-05,0,,True
739,2987,Doctor. Natalie nan Watts,Home Office,Single,Female,1996-02-05,0,,True
740,2991,Dr. Sean nan Herbert,Home Office,Single,Female,1994-02-05,0,,True
741,2992,Professor Lindsay nan Webb,Home Office,Single,Female,1995-02-05,0,,True
742,2999,Prof. Kim nan McCarthy,Consumer,Single,Female,1990-02-05,0,,True
743,3000,Doctor. Priscilla nan Allen,Consumer,Single,Female,1995-02-05,0,,True
744,3001,Dr. Anthony nan Foley,Consumer,Married,Male,1991-02-07,0,,True
745,3003,Prof. Roy Rouse,Home Office,Single,Female,1990-02-05,0,,True
746,3004,Professor Maurice Everett,Corporate,Single,Female,1998-02-05,0,,True
747,3005,Dr. Teresa Watts,Corporate,Single,Female,1995-02-05,0,,True
748,3006,Doctor. Thomas Spence,Corporate,Single,Female,1996-02-05,0,,True
749,3008,Professor Penny nan Rich,Home Office,Single,Female,1993-02-05,0,,True
750,3011,Prof. Tammy Raynor,Corporate,Single,Female,1994-02-05,0,,True
751,3012,Doctor. Annie Livingston,Corporate,Married,Female,1991-02-05,0,,True
752,3017,Prof. Melvin Benton,Corporate,Single,Female,1993-02-05,0,,True
753,3035,Prof. Tina nan Evans,Home Office,Single,Female,1995-02-05,0,,True
754,3036,Doctor. Edith nan Reynolds,Home Office,Married,Male,1995-02-05,0,,True
755,3041,Dr. Carrie nan Duke,Corporate,Divorced,Male,1990-02-05,0,,True
756,3042,Professor Tara nan Gold,Small Business,Single,Female,1995-02-05,0,,True
757,3045,Prof. Jordan nan Beard,Small Business,Married,Female,1993-02-05,0,,True
758,3046,Doctor. Andrew nan Pearce,Small Business,Married,Male,1995-12-07,0,,True
759,3048,Professor Tracy G Starr,Corporate,Single,Female,1987-12-07,0,,True
760,3053,Dr. Robin Tyler,Corporate,Single,Female,1989-02-05,0,,True
761,3063,Dr. Ann Steele,Consumer,Married,Female,1991-02-05,0,,True
762,3064,Doctor. Clarence Crowder,Consumer,Divorced,Female,1990-02-06,0,,True
763,3067,Dr. Carole Miller,Consumer,Divorced,Male,1989-12-09,0,,True
764,3069,Dr. Tiffany nan Merrill,Consumer,Single,Female,1987-02-05,0,,True
766,3075,Prof. Gordon Brandt,Corporate,Married,Male,1991-12-07,0,,True
767,3076,Professor Peter Hardy,Small Business,Single,Female,1996-12-07,0,,True
768,3077,Prof. Lynne Reid,Small Business,Single,Female,1987-02-05,0,,True
769,3078,Doctor. Kate McKenna,Small Business,Single,Female,1992-02-05,0,,True
770,3079,Dr. Andrew Levine,Small Business,Married,Male,1995-02-05,0,,True
771,3084,Professor Debbie Hsu,Small Business,Widowed,Male,1991-02-05,0,,True
772,3086,Prof. Ted Durham,Consumer,Single,Female,1989-02-05,0,,True
773,3089,Professor Sandy nan Cannon,Corporate,Single,Female,1995-02-05,0,,True
775,3095,Professor Milton Lindsay,Consumer,Single,Female,1989-02-05,0,,True
776,3096,Prof. Mike Howard,Consumer,Single,Female,1996-02-05,0,,True
777,3098,Doctor. Lorraine Boykin,Consumer,Single,Female,1995-02-05,0,,True
778,3100,Professor. Gladys Holloway,Consumer,Married,Male,1991-02-05,0,,True
779,3105,Doctor Lawrence Hester,Home Office,Single,Female,1995-02-05,0,,True
780,3106,Mistress. AleXander nan O'Brien,Home Office,Married,Male,1996-02-05,0,1.0,False
781,3106,Mistress. AlexandeR nan O'Brien,Home Office,Divorced,Male,1996-02-05,1,2.0,False
782,3106,Mr. Alexander nan O'Brien,Home Office,Remarried,Male,1996-02-05,2,,True
783,3113,Dr. Wayne English,Corporate,Single,Female,1991-02-05,0,,True
784,3119,Prof. Jay Hubbard,Corporate,Married,Male,1990-12-07,0,,True
785,3120,Professor. Daniel Christian,Home Office,Widowed,Male,1991-02-07,0,,True
786,3124,Doctor. Neil nan Barbee,Home Office,Single,Female,1998-02-05,0,,True
787,3125,Dr. Guy nan McDonald,Home Office,Married,Male,1993-02-05,0,,True
788,3128,Doctor Cathy Burgess,Small Business,Divorced,Male,1990-02-07,0,,True
789,3132,Professor Anita nan Kang,Corporate,Married,Female,1990-12-09,0,,True
790,3133,Prof. Kristine nan Singleton,Corporate,Single,Female,1995-02-05,0,,True
791,3136,Dr. Lee Hancock,Consumer,Single,Female,1988-12-07,0,,True
792,3137,Mr. Alison Sharp,Corporate,Married,Male,1998-02-05,0,,True
793,3138,Prof. Herbert Donnelly Swanson,Corporate,Married,Male,1992-02-05,0,,True
794,3139,Doctor. David Powell,Home Office,Widowed,Male,1989-12-10,0,,True
795,3141,Doctor. Jerome nan McIntosh,Consumer,Married,Male,1992-02-05,0,,True
796,3143,Dr. Neil nan Song,Consumer,Single,Female,1990-02-05,0,,True
797,3146,Professor Maureen nan Stout,Corporate,Single,Female,1995-02-05,0,,True
798,3148,Dr. Leroy Field,Corporate,Single,Female,1990-12-07,0,,True
799,3149,Doctor. Harriet Moore,Corporate,Married,Male,1988-12-07,0,,True
801,3154,Dr. Faye Manning,Corporate,Married,Male,1992-02-05,0,,True
802,3155,Prof. Julian Keith Mayer,Consumer,Married,Female,1996-02-05,0,,True
804,3167,Professor. Ray Silverman,Corporate,Single,Female,1988-02-05,0,,True
805,3169,Doctor Janice Boswell,Small Business,Married,Male,1990-02-05,0,,True
806,3170,Dr. Lawrence Haas,Corporate,Single,Female,1992-02-05,0,,True
807,3176,Prof. Jackie McCullough,Consumer,Married,Male,1991-02-05,0,,True
808,3177,Professor. Laurie Petty,Consumer,Single,Female,1990-02-05,0,,True
809,3179,Prof. Marie nan Pittman,Corporate,Single,Female,1995-02-05,0,,True
811,3187,Doctor Sidney Gilliam,Small Business,Single,Female,1994-12-07,0,,True
812,3191,Doctor. Jenny nan Hawkins,Corporate,Married,Male,1990-02-05,0,,True
813,3194,Dr. Angela Rose,Consumer,Married,Female,1991-02-05,0,,True
814,3196,Prof. Rick Foster Hawkins,Home Office,Single,Female,1988-02-05,0,,True
815,3197,Dr. Wallace nan Pugh,Home Office,Single,Female,1988-02-05,0,,True
816,3205,Professor Alvin Mullins,Consumer,Married,Male,1995-02-05,0,,True
817,3206,Dr. Dana Rankin,Consumer,Widowed,Male,1991-02-05,0,,True
818,3209,Doctor. Elsie Floyd,Corporate,Married,Male,1993-02-05,0,,True
819,3211,Professor Jonathan nan Crabtree,Corporate,Married,Female,1992-02-05,0,,True
821,3221,Prof. Sean Pugh,Corporate,Single,Female,1990-02-05,0,,True
822,3222,Professor. Diane Lu,Corporate,Widowed,Male,1992-02-05,0,,True
823,3224,Doctor Claudia White,Small Business,Divorced,Female,1990-12-08,0,,True
824,3225,Dr. Robyn Crawford,Small Business,Single,Female,1990-02-05,0,,True
825,3226,Prof. Arthur Gold,Small Business,Married,Male,1992-02-05,0,,True
826,3229,Prof. Sharon nan Kessler,Small Business,Single,Female,1990-02-05,0,,True
827,3230,Doctor. Monica nan Stuart,Small Business,Single,Female,1992-02-05,0,,True
828,3238,Prof. Kathleen P Bloom,Corporate,Single,Female,1990-02-05,0,,True
829,3243,Dr. Marlene Phillips,Small Business,Single,Female,1986-02-05,0,,True
830,3246,Professor Wanda Harris,Small Business,Single,Female,1995-02-05,0,,True
831,3248,Professor. Earl Donnelly,Small Business,Married,Male,1991-02-08,0,,True
832,3249,Prof. Nicole Goldstein,Corporate,Single,Female,1987-02-05,0,,True
833,3251,Doctor. Peter Brooks,Corporate,Single,Female,1996-02-05,0,,True
834,3252,Dr. Milton Harrell,Corporate,Single,Female,1988-02-05,0,,True
835,3255,Doctor Maureen Whitley,Home Office,Single,Female,1996-02-05,0,,True
836,3257,Professor Sharon Marcus,Consumer,Single,Female,1988-12-07,0,,True
837,3258,Dr. Gretchen Best Wilkins,Consumer,Married,Male,1991-02-05,0,,True
838,3261,Dr. Steven nan Long,Consumer,Single,Female,1996-12-07,0,,True
839,3264,Doctor. Becky Puckett,Corporate,Single,Male,1993-02-09,0,,True
840,3266,Professor Edgar Kumar,Corporate,Married,Male,1989-12-07,0,,True
841,3269,Prof. Billie Stern,Corporate,Single,Female,1990-02-06,0,,True
843,3275,Prof. Tamara Dickinson,Small Business,Single,Female,1993-02-05,0,,True
844,3279,Dr. Ricky Allred,Home Office,Single,Female,1993-02-05,0,,True
845,3283,Prof. William Woodard,Corporate,Single,Female,1998-02-05,0,,True
846,3284,Professor. Michael Shaffer,Corporate,Single,Female,1991-12-07,0,,True
847,3285,Doctor Ricky Garner,Consumer,Single,Female,1995-02-05,0,,True
848,3287,Professor Mary Norman,Small Business,Single,Female,1997-02-05,0,,True
851,3303,Dr. Carole Creech,Home Office,Divorced,Male,1990-02-06,0,,True
852,3306,Doctor. Claire Warren,Small Business,Divorced,Female,1990-02-07,0,,True
853,3307,Dr. Edwin Blackburn,Small Business,Married,Male,1992-02-05,0,,True
854,3309,Professor Edwin Chung,Small Business,Married,Male,1992-12-07,0,,True
855,3310,Prof. Tiffany Grossman Hardin,Small Business,Single,Female,1997-02-05,0,,True
856,3311,Doctor. Jackie Flynn,Small Business,Married,Male,1992-02-05,0,,True
857,3314,Dr. Billy Hale,Small Business,Single,Female,1989-12-09,0,,True
858,3319,Prof. Marlene Davidson,Small Business,Single,Female,1995-02-05,0,,True
860,3320,Mrs. Alicia Maynard,Small Business,Married,Female,1997-02-05,0,2.0,False
861,3320,Mrs. Alicia Maynard,Small Business,Married,Female,1998-02-05,2,,True
862,3324,Dr. Leslie Jacobson,Consumer,Single,Female,1994-02-05,0,,True
863,3325,Doctor. Diane Barr,Consumer,Widowed,Male,1992-02-05,0,,True
864,3327,Professor Bob nan Gibson,Small Business,Single,Male,1990-02-05,0,,True
865,3331,Dr. Elisabeth Shaw,Corporate,Married,Male,1992-02-05,0,,True
866,3338,Prof. Constance Robertson,Consumer,Divorced,Female,1992-02-06,0,,True
867,3339,Professor. Lester Copeland,Consumer,Single,Female,1987-02-05,0,,True
868,3340,Prof. Phillip Blum,Consumer,Single,Female,1989-02-05,0,,True
869,3342,Professor Paul Tate,Home Office,Single,Female,1988-12-07,0,,True
870,3344,Prof. Jim nan Hinson,Home Office,Married,Male,1991-12-07,0,,True
871,3347,Doctor Carrie McIntosh,Consumer,Divorced,Male,1991-02-05,0,,True
872,3350,Professor Amy York,Small Business,Married,Female,1992-02-06,0,,True
873,3351,Dr. Nathan Wyatt,Small Business,Single,Female,1990-02-05,0,,True
874,3354,Doctor. Sara Faulkner,Corporate,Single,Female,1993-02-05,0,,True
875,3355,Prof. Glenda Simon,Corporate,Married,Male,1993-02-05,0,,True
876,3356,Professor Richard Tan,Corporate,Single,Female,1999-02-05,0,,True
877,3359,Doctor. Jeffrey nan Cheng,Home Office,Married,Male,1991-02-05,0,,True
879,3360,Dr. Daniel nan Huff,Home Office,Widowed,Male,1991-02-08,0,,True
880,3361,Professor Oscar nan Kenney,Home Office,Single,Female,1993-02-05,0,,True
881,3366,Prof. Dana Boyle,Home Office,Widowed,Male,1990-02-05,0,,True
882,3367,Doctor. Renee McKenzie,Home Office,Single,Female,1997-02-05,0,,True
883,3369,Dr. Stacy Byrne,Home Office,Single,Female,1995-02-05,0,,True
884,3374,Professor Jamie Ward,Home Office,Married,Male,1993-02-05,0,,True
885,3379,Dr. Annette McIntyre,Home Office,Married,Female,1990-02-05,0,,True
886,3380,Prof. Eva Decker,Home Office,Married,Male,1990-12-07,0,,True
887,3381,Professor. Christopher Norton Patterson,Home Office,Divorced,Female,1990-02-05,0,,True
888,3385,Prof. Daniel Richmond,Corporate,Widowed,Male,1990-02-05,0,,True
889,3386,Doctor. Carmen Elmore,Corporate,Divorced,Male,1989-12-07,0,,True
890,3388,Mr. Aaron Shaffer,Corporate,Married,Male,1997-02-05,0,1.0,False
891,3388,Mr. Aaron SHAFFER,Corporate,Divorced,Male,1997-02-05,1,2.0,False
892,3388,Mr. Aaron Shaffer,Corporate,Remarried,Male,1997-02-05,2,,True
893,3393,Doctor. Irene Murphy,Consumer,Married,Male,1992-02-05,0,,True
894,3397,Prof. Andrea nan Shaw,Small Business,Married,Male,1993-02-05,0,,True
895,3399,Doctor. Marvin nan Reid,Small Business,Single,Female,1993-02-05,0,,True
898,3400,Dr. Florence Gold,Small Business,Married,Male,1989-12-07,0,,True
899,3403,Prof. Tammy Buckley,Consumer,Single,Female,1987-12-07,0,,True
903,3456,Mr. Sathish Santhanam,Small Business,Married,Female,1997-02-05,1,,True
939,4567,Mrs. Gayathri Ekabaram,Small Business,Married,Female,1997-02-05,2,,True
978,5678,Mr. Gaurav nan Singh,Corporate,Married,Male,1998-02-05,1,,True
1031,6789,Mr. Atul Kumar Pandey,Corporate,Married,Male,1998-02-05,2,,True
1153,9999,Mr Debadatta Mohanty,Corporate,Married,Male,1981-10-01,1,,True
1107,88888,Mr. Vijayakumar Sundarasamy,Corporate,Married,Male,1980-10-01,2,,True
